S0220000687474703A2F2F737265636F72642E736F75726365666F7267652E6E65742F1D
S3250001800000400020DD8001000D8101000F810100000000000000000000000000000000007B
S3250001802000000000000000000000000011810100000000000000000013810100158101007A
S32500018040178101001B8101001F81010023810100278101002B8101002F81010033810100E1
S32500018060378101003B8101003F81010043810100478101004B8101004F81010053810100C1
S32500018080578101005B8101005F81010063810100678101006B8101006F81010073810100A1
S325000180A0778101007B8101007F81010083810100878101008B8101008F8101009381010081
S325000180C00348854600F074FD00480047FD0A02000040002000C0FF1F0040002072B62E494D
S325000180E009682E4A1268521A013A05DD0020042308601944043AFBDA00BF2948294901606B
S325000181000A6882F3088862B627488047FEE7FEE7FEE7FEE7FEE72548004725480047254845
S32500018120004725480047254800472548004725480047254800472548004725480047254898
S32500018140004725480047254800472548004725480047254800472548004725480047254878
S32500018160004725480047254800472548004725480047254800472548004725480047254858
S3250001818000472548004725480047254800472548004725480047FEE7D4800100D88001007A
S325000181A008ED00E000800100C18001009781010097810100978101009781010097810100A3
S325000181C02DCF010037CF01009781010097810100978101001DF9010027F9010031F90100E6
S325000181E03BF90100978101009781010097810100A3F20100ADF20100B7F201006D9C01000E
S32500018200779C010097810100978101009781010035E801002D0602009781010029EA010078
S32500018220E9E80100D5E0010051E1010003460B439B0703D009E008C9121F08C0042AFAD2C3
S3250001824003E00B780370401C491C521EF9D27047F8B502464A40D40F42004B0052085B08DF
S325000182609A4202D20246084611464A0023D0C30D4A00DDB2120EAD1A202D35DA49020126BF
S32500018280490AF6058A19002C00D0524220214F1B1146B9402A411018C20D9A4221D0002C00
S325000182A017D0012D08DCDA05801AD20F8019D207DBB200F0B1FBF8BDDA05801A0123400037
S325000182C01B06C01880185A428018CA0F1043490007E04908C2071143DA05801A80194008AE
S325000182E0801800F091FBF8BD61000122511A001BF7E70122D2075140AAE70122D20750401C
S32500018300A6E7024670B54A40D30FDB0740002DD04A002AD0010E140E000212020919400ADA
S32500018320520A8418E50104465443000A120A2E045043A4194219200CC543AA18120C01253A
S32500018340AD03521C521912047F39240400D0521C104301D44000491EC2B20C06C009201803
S32500018360401C4008802A02D003E0002070BD40084000002900DA0020184370BD70B5024606
S325000183804A40D50F40004A00ED0740085208002814D0002A12D0C40DD30D41020120C00556
S325000183A05202490A520AE41A091812187D34914201D3641C00E04900002C01DA002070BD15
S325000183C00023914201D3891A0343400849000028F7D100290AD0914202D10121C90705E0E2
S325000183E0914201D2012101E00121C943E005C018401900F009FB70BDF0B507460846584090
S3250001840087B0C00F049048000E46590040084908BC1A884105D2384631461E4617460B46B0
S3250001842002465800400810434CD0300D039040055900400D490D0590401A0290402872DA98
S3250001844018030121000B09050843019004980092002805D00199524200208841009201907E
S32500018460029840210A1A0199009800F099FA05460C466B4607CB00F0B4FAC0197141039A3B
S325000184800E0D0023D71756401A467A40164344D0049A002A2DD0029A012A039A15DC12055B
S325000184A0C01A914101263605001C7141D20F059ED2070093019202962A46234600F0F2FA09
S325000184C007B0F0BD38463146FAE71605224A0F46B218C01AB74101210905001C4F410018EF
S325000184E07F41114618187941E20F10436D19644113E0E2076D0815436408C2071443039A33
S3250001850001261205C01A91413605001C7141CE07400830434908C01851412A46234600F04D
S32500018520B4FACDE7FFE7049801224000C117121A00238B4104983146C417381AA141EEE703
S3250001854030B40124E407634030BC55E730B40124E407614030BC4FE70000E0FFF0B51FB447
S3250001856088B00B990998002448400999C00F490049080991C0070B990090490049080B91F5
S3250001858009990898A64608431CD00B990A98084318D0099801244000420D4800410D09986A
S325000185A024050003000B204309900B980003000B20430B9050181C494018002201901446A0
S325000185C0104605E0002001460DB0F0BD032801DA034600E003239C46C11A0AAE0AE05F0075
S325000185E008ADED5B4F00F75B7D430027AA187C41491C5B1E6145F2DD410004AB5A5221045C
S32500018600120C0A43240C401C0828DFDB019802900099704601910090059B049A079906985A
S3250001862000F040FAD0E700000DFCFFFFF0B50C465C4085B0E40FE40703944C000026640830
S3250001864059009446490802460296224321D062460A431ED06200570D4A000E032303550DCD
S32500018660012402462C492405781B1B0B360B401823432643614600901C46501AB44103D3F9
S325000186800098401C009002E0921800985B41002803DA0020014605B0F0BD00200121090571
S325000186A00746864611E064461D46141BB54106D36546521BB341744607430C43A646CD077F
S325000186C040084908284392185B4105460D43EAD11046184313D060461946504071400843CE
S325000186E006D06046101AB34106D20122002306E000220123DB0702E00122D2435310009898
S3250001870074460105381C6141029C039D0019694100F0BBF9BFE70000FD0300000122D20755
S32500018720002800DB101A002900DB511A814201D801207047002070470122D207002800DB4C
S32500018740101A002900DB511A814201D201207047002070470122D207002800DB101A0029E2
S3250001876000DB511A814201D3012070470020704710B5002904DB0C460121C9074042A141F1
S32500018780002B04DB1C460123DB075242A341801A994101D3012010BD002010BD10B50029D7
S325000187A004DB0C460121C9074042A141002B04DB1C460123DB075242A341101A8B4101D278
S325000187C0012010BD002010BDC217C10F504010B54018CA079623002100F01EF910BD0000E2
S325000187E00EB5C217C10F5040CA0740180021054B0293019200910A460B4600F053F903B093
S3250001880000BD00003304000070B5CD0F4A0009030123090B1B0519430B4BED070024520D85
S325000188209A4201DA002070BD074B34339A4203DC9A1A00F0C5F802E00449511888402C4389
S32500018840F1D0404270BD0000FF030000CDFBFFFFC20FD207400040080BD0C10D0723DB01F8
S32500018860C91840020905400A1143C208400711437047002001467047CB0FDB07490010B51E
S32500018880490802460A4307D00A0D07240903E401090B121B002A01DC002010BDC900440F90
S325000188A00C43C100E018D205801800F0ADF810BD70B50446002903D000202022012310E0F7
S325000188C0002801D00020C043C046C0460DE02546D5408D4205D30D469540641B1D46954076
S325000188E040191546521E002DF1DC214670BD000070B5002504462E46002911D0002C01DAA6
S3250001890001254442002901DA012649422046FFF7CFFFB54200D04042002D00D0494270BDC6
S32500018920002C02DA0121C90702E0002C00DD03490846C046C046214670BD0000FFFFFF7F95
S32500018940F0B51FB40646002082B005464024019100901BE0019922460F46304600F030F849
S32500018960049A059B801A994110D310461946224600F016F8361A8F410197224601200021DE
S32500018980009F00F00DF838184D4100902046641E0028DFDC019B00982946324607B0F0BD84
S325000189A010B5202A04DB0146203A9140002010BD914020239C1A0346E3401943904010BD34
S325000189C010B5202A04DB0846203AD040002110BD0B46D340D0402024A21A9140084319460D
S325000189E010BD10B5202A06DBCB170846203A1041C1170B4306E00B461341D0402024A21A17
S32500018A0091400843194610BD002904DA401C490001D140084000704770B40024050C05D11B
S32500018A201024000402D1002921D01124050E01D100020834050F01D10001241D850F01D124
S32500018A408000A41C002801DB4000641C002908D020252E1B0D46F540A14000D001212943B5
S32500018A60084301061B1B000ADB1D02D5002070BC7047DB05181880180029F8DA401C490043
S32500018A80F5D170BC40084000704710B5002B08DA0024401C614192185B411A4301D14008ED
S32500018AA0400010BDF0B51FB482B005460C0003D0084608F083F802E008F080F82030024623
S32500018AC0009021462846FFF76BFF049B059A04460F4618431143084314D0184610431BD073
S32500018AE0009840210A1A18460599FFF769FF05460E46009A05990498FFF752FF084305D01E
S32500018B00012004E02046394607B0F0BD0020C11705430E432C43374300990E986305401A85
S32500018B207905E40A00220C43FD0A0A3002D500200146E9E70105101969410C9C0D9D0019BE
S32500018B406941FFF7A2FFDFE74A0009030123090B1B0519430A4B10B5520D9A4202DA0020AC
S32500018B60014610BD064B34339A4203DC9A1AFFF727FF10BD034BD218FFF712FF10BD0000BE
S32500018B80FF030000CDFBFFFF10B5002904DB0124E40740428C412146002B04DB1C460123E3
S32500018BA0DB075242A341994200D1904210BD00001CB5094800900948019005460126009C67
S32500018BC005E0E36807CC33430C3C98471034AC42F7D3FFF779FA0000A81C0200D81C0200CD
S32500018BE070B58C180578401C6B075B0F01D10378401C2A1106D10278401C03E006780E7080
S32500018C00401C491C5B1EF9D12B0705D40023521E0DD40B70491CFAE70378401CCB1A921C9F
S32500018C2003E01D780D70491C5B1C521EF9D5A142D8D3002070BD80B590B00F900E910D92F1
S32500018C400E9B0D990F9800910CA90BAA00F036F80E980C99C90040180A900E980B99C900E5
S32500018C60401809900A98019000680290FFF7ACFD019907900F9849680491FFF73AFB02994C
S32500018C800390099805900068401AFFF79DFD01460398FFF736FB04990246059806924068E7
S32500018CA0FFF727FB01460698FFF768FB01460798FFF7CEFA0890089810B080BD10B588B081
S32500018CC00A9C079006910592049303A9002008700A98002804D1FFE703A92220087003E079
S32500018CE003A92A200870FFE7079804994968FFF715FD002804D1FFE704984068079017E06F
S32500018D000798049A03A90978C9008918091F0968FFF720FD002809D1FFE7049903A8007824
S32500018D20C0004018001F0068079000E0FFE7FFE70020029003A80078401E0190FFE7029806
S32500018D40401C0199884219DAFFE7029801994018C10F40184010009007980499009AD20037
S32500018D6089184968FFF7DAFC002803D1FFE70098019002E000980290FFE7E0E702980699D1
S32500018D80086001980599086008B010BD1A480188491C01800188194848431949401803211C
S32500018DA0C8411849884201D8FFE700E0FFE71248018815484843154940181549884201D871
S32500018DC0FFE700E0FFE70C48018812484843124940181249884201D8FFE700E0FFE7064873
S32500018DE000887D21C900884204DBFFE702490120088000E0FFE7704700C8FF1F295C8FC2C1
S32500018E0050B81E0514AE4701D712B9BF52DA8D00A4B41B01EFCD7AA245EA78008AD4F100BA
S32500018E205C4901204874704780B58EB00DA9C3208870564808800CA900200880079006903E
S32500018E405348007803280FD1FFE70020049004F093F80498492104F0FBFB049804F09AF8C2
S32500018E604B49022008708FE049480078022808D1FFE700200DA903F06BFF45490120087002
S32500018E8081E04348007801280DD1FFE705A900200390087003F024FF0398DD4A0121117620
S32500018EA03B4908706EE03A480078002869D1FFE7D748007EC007002862D1FFE734490320DA
S32500018EC00870D449FF200860D1490191487900018979090941180CA801800088FFF780FC65
S32500018EE0CD4ACE4BFFF73AFB0022CD4BFFF79EFB0B910A900A980B99274A284BFFF796FB60
S32500018F000991089008980999254A264BFFF774FA0246019802920A460299079206912021C1
S32500018F20405CC007002829D0FFE71F480022C2608260069807991D4BFFF730FC002805D16D
S32500018F40FFE71A4807900020069002E007980698FFE70698079900220092154BFFF7FEFA30
S32500018F60FFF752FC1049887308310520000202F053FB0098A6492022885400E0FFE7FFE761
S32500018F80FFE7FFE7FFE7FFE70EB080BD01C3000002C8FF1F94C9FF1F1E1E1E1E1E1EBE3F5F
S32500018FA0CDCCCCCCCCCCDC3F30CBFF1F0080394000002440B0B5A4B023A9C3208870904818
S32500018FC0088022A900200B900880219020908D491BA81122FFF72AF90B981AA908708A4AFC
S32500018FE015A918CA18C138CA38C1149013901290119010908548007803280FD1FFE7002076
S325000190000A9003F0B9FF0A98492104F021FB0A9803F0C0FF7D4902200870EFE07B4800782A
S32500019020022808D1FFE7002023A903F091FE774901200870E1E07548007801280DD1FFE796
S325000190400FA900200990087003F04AFE0998FD4A012151766D490870CEE06C4800780028E4
S3250001906000D0C8E0F748407EC007002800D0C1E0664903200870F449FF200860F14948790B
S32500019080000189790909411822A801800088FFF7A7FBEE4AEE4BFFF761FA00220792ED4B3B
S325000190A0FFF7C4FA0246079808920A460899219220910EA90870FFE70EA80078042845DC8F
S325000190C0FFE720980590219806900EA80078810015A84058FFF7BCFB024605980B46069981
S325000190E0FFF746FB002814D1FFE720980190219802900EA80078810015A84058FFF7A8FB0E
S32500019100024601980B460299FFF71AFA039004910DE00EA80078810015A84058FFF798FBCF
S32500019120209A219BFFF70CFA03900491FFE703980499FFF7A1FB0EA909788A0010A988508B
S32500019140FFE70E98401C0EA90870B5E710980D900CA900200870FFE70CA8007804281BDC8E
S32500019160FFE70CA80078810010A840580D99FFF7F1FA00280AD1FFE70CA80078810010A830
S3250001918040580D900C981AA90870FFE7FFE70C98401C0CA90870DFE71AA8007800900428FF
S325000191A022D80098810001A040588746C1910100C9910100D1910100D9910100E1910100A0
S325000191C01BA93020887210E01BA9312088720CE01BA93220887208E01BA93320887204E0A2
S325000191E01BA93420887200E0FFE71BA8112106F0C5FFFFE7FFE7FFE7FFE7FFE724B0B0BD22
S3250001920001E30000E0140200CC14020003C8FF1F94C9FF1F58C8FF1FFCA9F1D24D62104082
S3250001922000FC9F4080B596B015A9C32088708248088014A900200880119010900FA9087010
S325000192400E907E490AA80F22FEF7F0FF7C48007803280FD1FFE70020089003F08DFE0898D8
S32500019260492104F0F5F9089803F094FE744902200870DEE072480078022808D1FFE7002026
S3250001928015A903F065FD6E4901200870D0E06C48007801280DD1FFE709A9002007900870BA
S325000192A003F01EFD0798F34A0121917564490870BDE063480078002800D0B7E0ED48807DEF
S325000192C0C007002800D0B0E05D4903200870EA49FF200860E74948790001897909094118DE
S325000192E014A801800088FFF77BFAE44AE44BFFF735F90022E34BFFF799F9139112901298EE
S325000193001399E14AE14BFFF749FA002801D1FFE721E0129803901399049100224E4BFFF7FA
S325000193201DF9039A049B05900691D748D749FFF707F9024605980B460699FFF777F9119196
S32500019340109010981199FFF797FAD1490122FFF772FC0E90FFE70E980021FFF7EDF900289D
S3250001936013D1FFE70E98FFF773FA0022C94BFFF743F8FFF749FA01460FA801700AAA20210F
S325000193801172007800F08AF910E00E98FFF760FA02460B460020BF49FFF7D2F8FFF734FACD
S325000193A00FA908700AA92D200872FFE7B148807FC00700281FD0FFE7B7480021C160816038
S325000193C00E98FFF7B9F9002805D1FFE70F983730B149087305E00F993720401AAE49087321
S325000193E0FFE7AD4908310520000202F015F9F1490020887700E0FFE70FA8019000780A2120
S325000194000091FFF755FA00990246019830320AAB02935A720078FFF74BFA0298302211438A
S3250001942081720F2106F0AAFEFFE7FFE7FFE7FFE7FFE716B080BDC04601D30000F114020002
S3250001944004C8FF1F94C9FF1F58C8FF1FFCA9F1D24D62104000FC9F400000244080B594B043
S3250001946013A9C32088707E48088012A9002008800F900E900DA908700C90DD20C0430B90FB
S3250001948078480A9078480990784808907848007803280FD1FFE70020069003F06DFD0698E0
S325000194A0492104F0D5F8069803F074FD704902200870D2E06E480078022808D1FFE700203C
S325000194C013A903F045FC6A4901200870C4E06848007801280DD1FFE707A9002005900870B3
S325000194E003F0FEFB0598E94A0121D17560490870B1E05F480078002800D0ABE0E348C07D85
S32500019500C007002800D0A4E05949032008705A49FF200860DD494879000189790909411845
S3250001952012A801800088FFF75BF9544A544BFFF715F80022534BFFF779F8119110901098C6
S325000195401199514A514BFFF729F9002801D1FFE719E0109A0392119B04934B484B49FEF794
S32500019560EFFF024603980B460499FFF75FF80F910E900E980F99FFF77FF945490022FFF738
S325000195805AFB0C90FFE70C980021FFF7D5F800280FD1FFE70C98FFF75BF900223D4BFEF7EA
S325000195A02BFFFFF731F90DA9087008A92020487210E00C98FFF74CF902460B46002035497B
S325000195C0FEF7BEFFFFF720F90DA9087008A92D204872FFE7AD48C07FC00700281FD0FFE7FF
S325000195E02D480021C16081600C98FFF7A5F8002805D1FFE70D9828302749487305E00D99FE
S325000196002820401A24494873FFE7234908310520000202F001F89D490020C87700E0FFE7D1
S325000196200DA8019000780A210091FFF741F9009902460198303208AB02939A720078FFF7DB
S3250001964037F9029830221143C172102106F096FDFFE7FFE7FFE7FFE7FFE714B080BDC04621
S3250001966001F30000222033357478743D7431352E05C8FF1F94C9FF1F58C8FF1FFCA9F1D294
S325000196804D62104000FC9F406666666666660A40841A02000000E03F30CBFF1F80B588B0F6
S325000196A0014607A80170002106910078402801DCFFE775E007A80078562831DBFFE73E486F
S325000196C0069073480088FFF78BF8049005910698FFF7BEF8354A364BFEF740FF02460498A5
S325000196E00B460599FFF744F800280CD1FFE70698FFF7AEF82D4A2E4BFEF730FFFFF784F897
S3250001970063490880FFE7E4482D21405CC007002805D1FFE7E0492D2201208854FFE73EE0EE
S3250001972007A80078FFF75CF8002201921D4BFEF715FF019A1C4BFEF75FFEFFF79DF8069016
S32500019740E7480088FFF74CF8029003910698FFF77FF8E14AE14BFEF701FF024602980B4661
S325000197600399FFF705F800280CD1FFE70698FFF76FF8D94AD94BFEF7F1FEFFF745F8D849EE
S325000197800880FFE7C4482D21405CC007002805D1FFE7C1492D2201208854FFE7FFE7FFE7AB
S325000197A008B080BD000012C000887840333333333393584094C9FF1F0000204180B582B02E
S325000197C03F48019003F02EFA3E4803F02BFA019803F00AFA002827D0FFE7AF482D21405C3B
S325000197E0C007002805D1FFE7AB492D2201208854FFE7BB480088002804D1FFE7B8492748B3
S32500019800088010E0B64800882249884204DCFFE7B3490020088005E0B14908881E4A801835
S325000198200880FFE7FFE700E0FFE7264803F0DCF9002827D0FFE798482D21405CC007002813
S3250001984005D1FFE794492D2201208854FFE7A44800881249884204DBFFE7A1490020088046
S325000198600FE09F4801880E4A8918018000880B49884204DBFFE7F5490848088000E0FFE7C1
S32500019880FFE700E0FFE702B080BDC04694C9FF1F54C9FF1FD603000029FCFFFF66260000E2
S325000198A0D703000080B582B005482821019103F000FA0199034803F0FCF902B080BDC04689
S325000198C066C9FF1F6CC9FF1F80B594B012A900200880119010A908700CA9FF200873D748C5
S325000198E00E90D7480D90D7480C906A48007805280FD1FFE700200B9003F03EFB0B9839214B
S3250001990003F0A6FE0B9803F045FB624904200870BEE06048007804280DD1FFE713A90520FD
S325000199200880002003F0EFF95B4901204875594903200870ABE057480078032810D1FFE74A
S325000199405548407DC007002808D1FFE752484079534908704F490220087000E0FFE795E024
S325000199604C48007802280CD1FFE713A906200880002003F0C8F94849012048754549087034
S3250001998083E04448007801287DD1FFE74248407DC007002875D1FFE73F4840793F4908705A
S325000199A03C4A05201070AC4AFF2010603C48007800020978411812A801800088FEF710FF51
S325000199C000220A92A54BFEF731FEFEF755FF11901198FEF73DFFA24AA24BFEF70DFD0A9A6E
S325000199E0A14BFEF7BBFDFEF70FFF014610A801700078642826D1FFE710A807900078642127
S32500019A000591FEF755FF059902460798302308931A430CAB0993DA710078FEF749FF0846EF
S32500019A200A210691FEF744FF0699099B0246079830321A720078FEF73BFF089A09981143CF
S32500019A40417219E00CA9049130200390C87110A8029000780A210191FEF72AFF0199049B17
S32500019A600246029830321A720078FEF721FF039A049811434172FFE70CA80D2106F07EFB0B
S32500019A8000E0FFE700E0FFE7FFE7FFE7FFE7FFE714B080BD06C8FF1F94C9FF1F65C9FF1FE7
S32500019AA064C9FF1F80B582B0014601A801700078652801DBFFE70CE001A80078FEF790FE35
S32500019AC0054A064BFEF74AFDFEF79EFE5F490880FFE702B080BDC0463333333333935840DD
S32500019AE054C9FF1F80B596B013A9002008700FA9FF200873514811905148109051480F9058
S32500019B005148007802280FD1FFE700200D9003F033FA0D98392103F09BFD0D9803F03AFA0A
S32500019B2049490120087086E047480078012800D080E046480B900178454A0A921170407827
S32500019B40444A107015A90520087000200C9003F03FFE0A9A0C9814A906230B7003F038FED7
S32500019B600B983D4AFF211160374A022111700088FEF736FE0C9A394BFEF758FDFEF77CFE6A
S32500019B800E900E98FEF764FE354A364BFEF734FC0C9A354BFEF7E2FCFEF736FE014613A8DA
S32500019BA001700078642826D1FFE713A80790007864210591FEF77CFE059902460798302320
S32500019BC008931A430FAB0993DA710078FEF770FE08460A210691FEF76BFE0699099B024611
S32500019BE0079830321A720078FEF762FE089A09981143417219E00FA9049130200390C87158
S32500019C0013A8029000780A210191FEF751FE0199049B0246029830321A720078FEF748FEBB
S32500019C20039A049811434172FFE70FA80D2106F0A5FAFFE7FFE716B080BDC0460000FFFFAA
S32500019C40616C3D006E322E7607C8FF1F54C9FF1F7FC9FF1F7EC9FF1F58C8FF1F0033C34048
S32500019C607B14AE47E17A743F0000594080B5002000F0BEFF80BD80B5012000F0B9FF80BD38
S32500019C8080B588B01C2002900421039102F0F4FA02980121069102F0F5FC029805F060F8CC
S32500019CA0029804F00FFF1A490020079000F000FE039A07980B2104F03FFB039A07980A21FC
S32500019CC004F03AFB0798134A0721049100F07AFF0499079B009318461A4601F075F90699A4
S32500019CE01420059006F0ACFE059806F017FE0799094A084600F0C8F90799084601F0A6FED7
S32500019D0006990798C94301F059FE08B080BDC0460CC8FF1F1DE70100B4C8FF1F84B0039057
S32500019D20029103988100814840580190002000900298019909687F221140884204D8FFE7A8
S32500019D400298402803D3FFE70120009017E0019800688000C00F002810D0FFE70298019924
S32500019D60496B490D7822114008318908491D884203D8FFE701200090FFE7FFE7FFE7009831
S32500019D8004B0704784B00390029103988100E5484058019002991F200140012088400090F1
S32500019DA002981F2804D8FFE700980199086303E000980199C862FFE704B0704787B00690FF
S32500019DC006988100D6484058059006988100D5484058049001221002029040200190049856
S32500019DE0803000900599486B12071043486300200390FFE70398029988420AD2FFE70099C0
S32500019E000398820000208850FFE70398401C0390F0E704981121C9014018009000200390AC
S32500019E20FFE70398019988420BD2FFE70099039882000020C0438850FFE70398401C039052
S32500019E40EFE7049A0020C1431161049A5161049A9161049A916406998A00B1498958152243
S32500019E60D201891800910390FFE7039805280AD8FFE700990398820000208850FFE703989E
S32500019E80401C0390F1E706988100A5484058552149014018009000200390FFE70398032849
S32500019EA00BD8FFE70099039882000020C0438850FFE70398401C0390F0E7069881009848DB
S32500019EC04058AB2109014018009000200390FFE703980B280AD8FFE7009903988200002020
S32500019EE08850FFE70398401C0390F1E7069881008B4840580E494018009000200390FFE7D9
S32500019F00039835280AD8FFE700990398820000208850FFE70398401C0390F1E70599486B33
S32500019F20012212079043486307B0704770190200280F000085B00490039102920498082873
S32500019F4005D8FFE7049801900498009040E004980C2805D8FFE7092001900C20009036E09F
S32500019F600498102805D8FFE70A200190102000902CE00498142805D8FFE70B200190142031
S32500019F80009022E00498182805D8FFE70C2001901820009018E00498202805D8FFE70D2038
S32500019FA00190202000900EE00498302805D8FFE70E2001903020009004E00F2001904020F1
S32500019FC00090FFE7FFE7FFE7FFE7FFE7FFE7FFE70398002804D0FFE7019803990860FFE7A0
S32500019FE00298002804D0FFE7009802990860FFE705B0704783B0014602A8017001AA002190
S3250001A00011700078082804D8FFE7029801A9087036E002A800780938009006282ED80098BD
S3250001A020810001A04058874645A001004DA0010055A001005DA0010065A001006DA00100B6
S3250001A04075A0010001A90C20087018E001A91020087014E001A91420087010E001A918202F
S3250001A06008700CE001A92020087008E001A93020087004E001A94020087000E0FFE7FFE7A7
S3250001A08001A8007803B0704780B590B00F900E910D920F988100224840580C900F988100EE
S3250001A0A0204840580B9000200A900C990968C901C90F09910590049003900B98E0300290F1
S3250001A0C00C98406B400D7821084008300690099800280AD1FFE70F9800F080FA002803D098
S3250001A0E0FFE701200A90FFE7FFE70A98002800D0DFE10C99086B0122104308630E98019062
S3250001A100032800D9C5E10198810001A04058874629A10100C9A10100F5A201007DA401007E
S3250001A12070190200781902000E9A0C9908689207920D03231B02984380180860002008902F
S3250001A140FFE70898069988423DD2FFE7002003900D98089A0C2151434058012804D1FFE7DD
S3250001A1600120C0070390FFE70D98089A0C21514340184068012813D1FFE70398012189072F
S3250001A1800843039003980D99089A0C235343C9188968C900890808430299920088500DE0C9
S3250001A1A003980D99089A0C235343C9188968490589080843029992008850FFE7FFE7089883
S3250001A1C0401C0890BDE765E10E9A0C9908689207920D03231B0298438018086000200790D0
S3250001A1E00890FFE708980699884200D381E00020059004900D98079A0C215143405801288C
S3250001A20004D1FFE70120C0070590FFE70D99079A0C2050434018C068012804D1FFE701208E
S3250001A220C0030490FFE70D98079A0C21514340184068012815D1FFE7059801218907084344
S3250001A240059005980D99079B0C225A4389188968994A1140490008430299089A92008850B1
S3250001A2600EE005980D99079B0C225A43891889684905890808430299089A92008850FFE7F0
S3250001A2800D99079A0C20504340180069012817D1FFE704980121890308430490049B0D998B
S3250001A2A0079A0C2050434018406983490840C00B034302990898820088581843885010E051
S3250001A2C004980D9A079B0C215943891849694905890C431802990898820088581843885068
S3250001A2E0FFE70798801C0790FFE70898401C089078E7CFE00E9A0C9908689207920D0323FC
S3250001A3001B02984380180860002007900890FFE708980699884200D3AFE00D98079A0C212B
S3250001A32051434018406801280FD1FFE70D98079A0C21514340188068400D030602990898BB
S3250001A34082008858184388500EE00D98079A0C21514340188068C00803060299089882009E
S3250001A360885818438850FFE70D99079A0C20504340180069012811D1FFE70D99079A0C20B2
S3250001A380504340184069FF2149050840430902990898820088581843885010E00D99079A19
S3250001A3A00C20504340184069FF21C90008404303029908988200885818438850FFE70D9903
S3250001A3C0079A0C2050434018C069012811D1FFE70D99079A0C2050434018006AFF2149056E
S3250001A3E00840430B02990898820088581843885010E00D99079A0C2050434018006AFF2118
S3250001A400C90008404301029908988200885818438850FFE70D99079A0C2050434018806AE2
S3250001A420012811D1FFE70D99079A0C2050434018C06AFF2149050840430D029908988200D9
S3250001A44088581843885010E00D99079A0C2050434018C06AFF21C9000840C3080299089833
S3250001A4608200885818438850FFE70798001D0790FFE70898401C08904AE70BE00E9A0C9924
S3250001A48008689207920D03231B0298438018086000E0FFE7099800280AD1FFE70F9800F008
S3250001A4A0F7F8002803D0FFE701200A90FFE7FFE7FFE70A9810B080BD0080FF1F84B0039054
S3250001A4C003988100DF484058029000200190009002980068C00F002823D1FFE702990868E9
S3250001A4E00122D20710430860FFE701987E4988420ED8FFE70198401C019002980068C00278
S3250001A500C00F002803D0FFE70020009000E0ECE701983149884203D3FFE701200090FFE7F1
S3250001A520FFE7009804B0704710B582B0019001988100DE48405800900099486B0124620761
S3250001A54010434863009957204301C858E407A043C8500099C8588024A043C8500099486BF8
S3250001A5609043486302B010BD84B0039003988100CE48405802900020019000900298006871
S3250001A580C002C00F002823D0FFE7029908680122D20790430860FFE70198534988420ED815
S3250001A5A0FFE70198401C019002980068C002C00F002803D1FFE70020009000E0ECE70198B7
S3250001A5C00549884203D3FFE701200090FFE7FFE7009804B07047C0461027000084B003901C
S3250001A5E003988100B14840580290002001900122009202990868930718430860029908683C
S3250001A60012071043086002980068C00F002807D0FFE7029908680122D20790430860FFE781
S3250001A620FFE70198184988420CD8FFE70198401C0190029800680001C00F002801D0FFE768
S3250001A64000E0EEE701981149884203D3FFE70120009016E000200190FFE701980A498842D1
S3250001A6600ED8FFE70198401C019002980068C001C00F002803D0FFE70020009000E0ECE7AB
S3250001A680FFE7009804B070473F4B4C00404B4C0084B0039003988100844840580290002024
S3250001A6A00190012200920299086813079843086002990868920790430860FFE701980A4934
S3250001A6C088420ED8FFE70198401C019002980068C001C00F002803D1FFE70020009000E053
S3250001A6E0ECE7009804B070470F27000080B588B0079005A901910820087001200090400270
S3250001A70004900798002100F09FF801990690069809784018039004980399FEF7C9F8009996
S3250001A7200290079800F090F801990690069809784018039004980399FEF7BAF8014602986F
S3250001A7404018029002A8007808B080BD10B590B00F900EA801700D920C930F988100534825
S3250001A76040580B9009A908200870012040020890002003900D98002804D0FFE70D99002052
S3250001A7800860FFE70F980021029100F05DF801460AA80170007809A9097840180690089821
S3250001A7A00699FEF785F801460298059107900EA80078059988422FD3FFE705990E98401A57
S3250001A7C00EA9019108700F980121009100F03CF801460AA80170007809A909784018069030
S3250001A7E008980699FEF764F800990246019805924902079100780599884203D3FFE7012011
S3250001A800039008E00D98002804D0FFE70D9901200860FFE7FFE7FFE7039800280ED1FFE7C6
S3250001A82007980EA90A7806995143401804900B980499401880300C990860FFE7039810B084
S3250001A84010BDC0467019020084B00390029103988100D64840580190019800680005C00F01
S3250001A86000281BD0FFE7029800280BD1FFE701980321890240588003800FC11C012088409C
S3250001A88000900AE00198032189024058C002800FC11C012088400090FFE702E00820009030
S3250001A8A0FFE76846007804B07047C04670190200B0B588B00790069107988100BB48405803
S3250001A8C0059007988100BA48405804900020039005980068C00F002815D1FFE70798FFF77E
S3250001A8E07DFE002803D0FFE7012003900AE00798FFF7E4FD002803D0FFE70120039000E06C
S3250001A900FFE7FFE7FFE70398002837D1FFE70798FFF72AFE002803D0FFE7012003902CE06F
S3250001A9200798FFF75BFE002803D0FFE70120039022E0059908680122520610430860002027
S3250001A9400290FFE702989B4988420CD8FFE70298401C0290059800688001C00F002801D18F
S3250001A960FFE700E0EEE702989349884203D3FFE701200390FFE7FFE7FFE7FFE7039800282A
S3250001A98000D085E005990868012422030192104308600798FFF712FA019B049900208862F1
S3250001A9A0049948620499C04308630499C86204998248086204990D200004814A8850069897
S3250001A9C0826A05990868D207120DE502A84380180860059908682204104308600698826A33
S3250001A9E00599086DD207E507A843801808650599032082028858E403A04388500698826A37
S3250001AA000599486BD207D20C9843801848630698806A01282FD1FFE70698C36A05990324E2
S3250001AA20A20288589B079B0B2504A843C01888500698036B059988589B07DB0AE404A043A3
S3250001AA40C018885007980699143100F013FE012803D1FFE7012003900CE007980699343195
S3250001AA6000F098FE012803D1FFE70120039000E0FFE7FFE70BE007980699143101F026F889
S3250001AA80012803D1FFE701200390FFE7FFE7FFE7039800281FD1FFE7069800680090079898
S3250001AAA0FFF724FE01460098884205D8FFE706980068412803D3FFE7012003900AE00698A4
S3250001AAC00068421E059908687F231A40984380180860FFE7FFE7039800284AD1FFE7069894
S3250001AAE00069022807D0FFE7059908680122520410430860FFE706984068012829D1FFE788
S3250001AB000698806A012803D1FFE7012003901FE00599086801235A0710430860069882683A
S3250001AB200599486B120712090F242406A043801848630698C26805990868D207120CDB035B
S3250001AB4098438018086004990020C0438864FFE70EE0059908680122520790430860069830
S3250001AB60C068012803D1FFE701200390FFE7FFE7FFE70398002816D1FFE70599086801229C
S3250001AB8092041043086007980699096900F090FE002803D0FFE70120039003E00798FFF722
S3250001ABA0C3FCFFE7FFE7039808B0B0BD70190200781902000F2700001027000007001B0096
S3250001ABC0FC0A000083B002900191009201980F2801D3FFE709E0009802998A01F94989186B
S3250001ABE0019A920089184860FFE703B07047C04680B590B00F900F988100EB4840580890E3
S3250001AC000F988100E94840580790089800687F210840401C06900798016A0F988200E44864
S3250001AC2081500F99890040580E900E980F998A00E049895808400E900E98079908620798BE
S3250001AC40DD4A80580D900D99079857235B01C05808400D21090408400D900D980799885099
S3250001AC600798D64A80580C900C9907980B231B02C05808400321090408400C900C98079952
S3250001AC8088500798006B0B900798816A0B9808400B900798C06A0A900798416A0A98084089
S3250001ACA00A900B98002800D197E00698212803D3FFE72020029002E006980290FFE70298D9
S3250001ACC0059000200490FFE704980599884200D382E00B980499C840C007002877D0FFE7A1
S3250001ACE0089800688000C00F002853D0FFE7049807284FD8FFE70498052816D1FFE70F98B0
S3250001AD008101B0484018006A002807D0FFE70F988101AC484018006A804705E00799886AEE
S3250001AD20202290438862FFE7FFE70498062816D1FFE70F988101A3484018406A002807D095
S3250001AD40FFE70F9881019F484018406A804705E00799886A402290438862FFE7FFE704982F
S3250001AD60072816D1FFE70F98810196484018806A002807D0FFE70F98810192484018806A5D
S3250001AD80804705E00799886A802290438862FFE7FFE716E00F9881018A484058002807D0BB
S3250001ADA0FFE70F988101874841580498884707E00498012282400799886A90438862FFE70D
S3250001ADC0FFE704990120884007990863FFE7FFE70498401C049077E7FFE7069821283AD365
S3250001ADE0FFE70A98002835D0FFE706982038059000200390FFE703980599884229D2FFE7A9
S3250001AE000A980399C840C007002818D0FFE70F9881016C484058002808D0FFE70F988101A4
S3250001AE206848415803982030884707E00398012282400799886A90438862FFE7FFE70399EA
S3250001AE40012088400799C862FFE70398401C0390D1E7FFE7FFE700200990FFE709980928D3
S3250001AE602FD8FFE70E9809998A0055498958084222D0FFE70F988101524840180999890025
S3250001AE804018406800280AD0FFE70F9881014D484018099989004018406880470BE00F9829
S3250001AEA0099900230093012200F08EF8002801D0FFE7FFE7FFE7FFE7FFE70998401C09908D
S3250001AEC0CCE70A200990FFE709980C282FD8FFE70D9809998A003A498958084222D0FFE7F6
S3250001AEE00F98810137484018099989004018406800280AD0FFE70F9881013248401809999B
S3250001AF0089004018406880470BE00F98099900230093012200F058F8002801D0FFE7FFE7C8
S3250001AF20FFE7FFE7FFE70998401C0990CCE70D200990FFE709980E282FD8FFE70C98099959
S3250001AF408A001F498958084222D0FFE70F9881011C484018099989004018406800280AD0E3
S3250001AF60FFE70F98810117484018099989004018406880470BE00F98099900230093012205
S3250001AF8000F022F8002801D0FFE7FFE7FFE7FFE7FFE70998401C0990CCE70F98820004496A
S3250001AFA00020885010B080BD7019020078190200D8C9FF1FE0C9FF1FFC0A0000080B0000D8
S3250001AFC0F4180200E8C9FF1F70B58AB00E9C09900891079206930998810026484058059063
S3250001AFE0099881002448405804900020039005980068C001C00F0290029800280AD1FFE733
S3250001B0000998FFF7EBFA002803D0FFE701200390FFE7FFE70398002800D0EBE108980190BC
S3250001B020102800D9D6E10198810001A040588746B3B00100B3B0010009B1010009B10100E3
S3250001B04077B1010077B10100CDB1010023B2010023B2010023B2010051B2010051B201008E
S3250001B06051B20100A1B20100A1B201007DB00100D7B2010070190200781902000798002880
S3250001B0800BD1FFE7069A0499886A104388620E9A0499486A104348620AE0069A0499886A6E
S3250001B0A0904388620E9A0499486A90434862FFE791E10798002813D1FFE708988100D14835
S3250001B0C04258049948681043486008988100CE48435809988200C94988581843885012E07B
S3250001B0E008988100C7484258049948689043486008988100C448435809988200BF498858E4
S3250001B10098438850FFE766E10798002819D1FFE7059908680122520510430860089881004D
S3250001B120B8484258049948681043486008988100B548435809988200B0498858184388503E
S3250001B14018E005990868012252059043086008988100AC4842580499486890434860089816
S3250001B1608100A948435809988200A449885898438850FFE72FE10798002813D1FFE70898F1
S3250001B1808100A04842580499486B10434863089881009D4843580998820098498858184377
S3250001B1A0885012E008988100964842580499486B904348630898810093484358099882009D
S3250001B1C08E49885898438850FFE704E10798002813D1FFE7089881008A4842580499086808
S3250001B1E010430860089881008748435809988200824988581843885012E008988100814825
S3250001B20042580499086890430860089881007E484358099882007949885898438850FFE765
S3250001B220D9E00798002809D1FFE708988100754842580499886A1043886208E0089881007A
S3250001B240704842580499886A90438862FFE7C2E00599486B01235A071043486305995720D8
S3250001B26042018858DB0798438850079800280BD1FFE70898810063484358049957204201C8
S3250001B2808858184388500AE0089881005D484358049957204201885898438850FFE79AE0FF
S3250001B2A0079800280BD1FFE7089881005548435804990B2002028858184388500AE008983C
S3250001B2C081005048435804990B200202885898438850FFE77FE0079800283ED1FFE70499B6
S3250001B2E0886A0020C043886204994A6A48620499486833229202104348600499486B0323A6
S3250001B3009A07104348630599486B01225407204348630599572044010859D507A8430851CF
S3250001B320049908590D252D042843085105990868940620430860059908685205104308604E
S3250001B34004990B20020288581B0418438850099882002A492A4888503BE00499886A00203E
S3250001B360886204994A6A4862049A516833239B0299435160049A516B0324A307994351634F
S3250001B380059A516B01235D0729435163059A57214D015159DE07B1435151049A51590D269E
S3250001B3A03604B1435151059A11689D06A9431160059A11685B0599431160049A0B210B0202
S3250001B3C0D1582404A143D15009998A000B498850FFE700E0FFE7029800280AD1FFE70998E8
S3250001B3E0FFF756F9002803D0FFE701200390FFE7FFE7FFE703980AB070BDC046E0C9FF1F6B
S3250001B40007001B0034190200F418020080B58CB00B900A910B98810055484058099009986C
S3250001B42080300490049800680003000FFEF7E2FD014605A80170007802900B980021FFF7AE
S3250001B44003FA01460298884207DDFFE70B980021FFF7FAF905A90870FFE705980A99482210
S3250001B4608854049800680A990860049800688002C00F002808D0FFE70498406807214907E3
S3250001B48088430A99486006E004984068C000400D0A994860FFE705A80078800807A9087052
S3250001B4A008A900200870FFE708A8007807A90978884233DAFFE7049808A901910A7892004D
S3250001B4C080188068000E0A9A0B789B00D218107204980A78920080188068000C0A9B0A7846
S3250001B4E09200D218507204980A78920080188068000A0A9B0A789200D218907204980A780A
S3250001B5009200801880680A9A097889008918C872FFE70898401C08A90870C5E704980830FE
S3250001B52003900798800008A90870FFE708A8007805A90978884218DAFFE708AA11783C23B0
S3250001B5400846184003231940401AC01C06A9087003980978405C0A99127889180872FFE77C
S3250001B5600898401C08A90870E0E70CB080BDC04678190200B0B58EB0059101460598129C7B
S3250001B5800D910CA908700B920A93002006900D98097809AA08ABFFF7D9F8012803D1FFE7B3
S3250001B5A00120069035E00D980CA90978FEF7B6FB012803D1FFE70120069029E0089800688C
S3250001B5C00001000F0790079800280BD0FFE70798082807D0FFE70798092803D0FFE70220FE
S3250001B5E0069014E00D980CA904910978FEF7CAFB04990D9809780B9A0A9B129C0025029519
S3250001B6000C250195009400F0EBFA0690FFE7FFE7FFE706980EB0B0BD80B584B00390029153
S3250001B620114800780E2805DCFFE70F490878401C087003E00C490A200870FFE70398052108
S3250001B6400902884204D1FFE708490120087200E0FFE705480178039B02980090044A0020A5
S3250001B660FFF788FF04B080BD08C8FF1F30CBFF1F3CC9FF1F10B586B00590049105988100E8
S3250001B680F0484058039003980068C001C00F029000200190029800280AD1FFE70598FEF755
S3250001B6A09DFF002803D0FFE701200190FFE7FFE70198002855D1FFE704980068002814D0AB
S3250001B6C0FFE70498406800280FD0FFE70498806800280AD0FFE70498C068002805D0FFE739
S3250001B6E004980069002803D1FFE70120019037E004980068421E0399086D9206120C3F2306
S3250001B7009B0298438018086504988068421E0399086D1F231A4098438018086504984068F0
S3250001B720421E0399086DD206920D5C01A043801808650498C068421E0399086D92055208AF
S3250001B740134C20408018086504980069421E0399086DD206D20A1B04984380180865FFE70F
S3250001B760FFE7019800280FD1FFE7029800280AD1FFE70598FEF78CFF002803D0FFE70120B3
S3250001B7800190FFE7FFE7FFE7019806B010BDC046FFFF1F80B0B586B00590049105988100BD
S3250001B7A0C9484058039003980068C001C00F029000200190029800280AD1FFE70598FEF75B
S3250001B7C00DFF002803D0FFE701200190FFE7FFE70198002864D1FFE704980068002814D00B
S3250001B7E0FFE70498406800280FD0FFE70498806800280AD0FFE70498C068002805D0FFE718
S3250001B80004980069002803D1FFE70120019046E0049803680399244A00928858DB065B0C97
S3250001B8201F24A402A043C018885004988068431E0399885807242340A043C0188850049867
S3250001B8404068431E039988585B071B0EE025A843C01888500498C068431E039988589B05F0
S3250001B8609B08124D2840C018885004980069431E039988585B075B0B2404A043C018885042
S3250001B880029800280AD1FFE70598FEF701FF002803D0FFE701200190FFE7FFE7FFE7FFE761
S3250001B8A0019806B0B0BDC046040C0000FFFF0FC080B586B00590049105988100C748405888
S3250001B8C003900020029003980068C001C00F0190019800280AD1FFE70598FEF77FFE00283F
S3250001B8E003D0FFE701200290FFE7FFE70298002861D1FFE70498009004284CD8009881009A
S3250001B90001A040588746C0461DB901003FB9010057B9010087B9010089B901000399486863
S3250001B92008229043486003994868012213039843486003990868D205904308602CE003998D
S3250001B940486808221043486003994868012212039043486020E0039948680822904348601B
S3250001B9600399486801231A0310434860039908685A04904308600399032082028858DB0392
S3250001B9809843885008E007E0039908680122D2071043086000E0FFE7049803280AD0FFE70E
S3250001B9A00598FEF775FE002803D0FFE701200290FFE7FFE7FFE7029806B080BD80B586B03D
S3250001B9C00590049105988100844840580390059881001D48405802900020019003980068C0
S3250001B9E0C001C00F0090009800280AD1FFE70598FEF7F4FD002803D0FFE701200190FFE7A3
S3250001BA00FFE7019800281AD1FFE7039800688000C00F002804D0FFE7049802998864FFE76A
S3250001BA20009800280AD1FFE70598FEF731FE002803D0FFE701200190FFE7FFE7FFE70198DF
S3250001BA4006B080BD701902007819020080B586B005900491059881006048405803900398AD
S3250001BA600068C001C00F029000200190029800280AD1FFE70598FEF7B1FD002803D0FFE7E0
S3250001BA8001200190FFE7FFE70198002819D1FFE7049A03990868D207D20B01231B04984312
S3250001BAA080180860029800280AD1FFE70598FEF7EFFD002803D0FFE701200190FFE7FFE71F
S3250001BAC0FFE7019806B080BD7019020010B586B00590049105988100ED484058039000209F
S3250001BAE0029003980068C001C00F0190019800280AD1FFE70598FEF771FD002803D0FFE726
S3250001BB0001200290FFE7FFE70298002863D1FFE704980068002814D0FFE704984068002861
S3250001BB200FD0FFE70498806800280AD0FFE70498C068002805D0FFE704980069002803D125
S3250001BB40FFE70120029045E004980068421E0399486807231A40984380184860049880684D
S3250001BB60421E039948685207520B1C04A0438018486004984068421E039948685207920A34
S3250001BB80DB049843801848600498C068000603994B68FF2212069343C018801848600498C8
S3250001BBA00069421E039948689207120A03239B05984380184860019800280AD1FFE70598B4
S3250001BBC0FEF766FD002803D0FFE701200290FFE7FFE7FFE7FFE7029806B010BD7019020032
S3250001BBE0B0B590B00C4601461698159D149D0F910EA90C700D920C930BAA10700F98820080
S3250001BC00A34880580A90002001900F98097804AA03ABFEF79BFD012803D1FFE70120019069
S3250001BC2033E10D980079412803D3FFE7012001902AE10398083002900F980EA90978FEF7B0
S3250001BC406DF8012803D1FFE7012001901BE10A9800680005C00F00280FD0FFE70D984069CE
S3250001BC60012809D1FFE70A990320820288580123DB0718438850FFE7FFE70D9800790090F7
S3250001BC800F980499FEF7E0FD01460098884203DDFFE701200190F5E00D98007906A905AA15
S3250001BCA0FEF748F9149800286ED0FFE70D980079800808A9087009A900200870FFE709A89F
S3250001BCC0007808A90978884218DAFFE7149809A909788A008118805C00064B781B04C01873
S3250001BCE08B781B02C018C9784018039989188860FFE70998401C09A90870E0E70898800093
S3250001BD0009A90870FFE709A800780D990979884217DAFFE709A90A783C23104618400323B3
S3250001BD201A40801AC01C07AA107014980978405C029912788854FFE70998401C09A9087024
S3250001BD40E1E70D98007909A90870FFE709A8007805A90978884216DAFFE709A801783C2266
S3250001BD600846104003221140401AC01C07AA10700D98007C029912788854FFE70998401C3C
S3250001BD8009A90870E2E7FFE703990020086003994860069A039908681207120B0F231B0428
S3250001BDA09843801808600D980068012818D1FFE70C98394B1840039948600B9A03994868E7
S3250001BDC05207184080184860039908680122530518430860039908689205904308601DE046
S3250001BDE00C9A039948685205D2082A4B1840801848600B9A03994868520707235B0798435B
S3250001BE008018486003990868012253059843086003990868920590430860FFE70D988068C0
S3250001BE20012807D1FFE7039908680122120510430860FFE7039908680F221206904308609D
S3250001BE400D98C068012807D1FFE7039908680122D20710430860FFE70D9842690399086822
S3250001BE60D207520801239B07984380180860159A03990868120712090F231B069843801832
S3250001BE800860FFE7FFE7FFE7FFE7019810B0B0BD70190200FFFF03E0FFFFFF1F0A48006893
S3250001BEA0C00F002805D0FFE75B20000606490860FFE70549086801225302984308600868C2
S3250001BEC0D2071043086070471C40064080B58AB00990089109988008079007988100CB48DA
S3250001BEE04058069000200590012004900998001F0390832800D982E10398810001A0405814
S3250001BF008746C04615C10100FFC10100FFC10100FFC1010015C10100FFC10100FFC10100D4
S3250001BF20FFC1010015C10100FFC10100FFC10100FFC1010015C10100FFC10100FFC10100C6
S3250001BF40FFC1010015C10100FFC10100FFC10100FFC1010015C10100FFC10100FFC10100A6
S3250001BF60FFC101006DC10100FFC10100FFC10100FFC101006DC10100FFC10100FFC10100D6
S3250001BF80FFC1010015C10100FFC10100FFC10100FFC1010015C10100FFC10100FFC1010066
S3250001BFA0FFC1010015C10100FFC10100FFC10100FFC1010015C10100FFC10100FFC1010046
S3250001BFC0FFC1010015C10100FFC10100FFC10100FFC1010015C10100FFC10100FFC1010026
S3250001BFE0FFC1010015C10100FFC10100FFC10100FFC1010015C10100FFC10100FFC1010006
S3250001C000FFC1010015C10100FFC10100FFC10100FFC1010015C10100FFC10100FFC10100E5
S3250001C020FFC10100FFC10100FFC10100FFC10100FFC10100FFC10100FFC10100FFC10100F1
S3250001C040FFC10100FFC10100FFC10100FFC10100FFC10100FFC10100FFC10100FFC10100D1
S3250001C060FFC10100FFC10100FFC10100FFC10100FFC1010015C10100FFC10100FFC101009B
S3250001C080FFC1010015C10100FFC10100FFC10100FFC1010015C10100FFC10100FFC1010065
S3250001C0A0FFC1010015C10100FFC10100FFC10100FFC1010015C10100FFC10100FFC1010045
S3250001C0C0FFC10100FFC10100FFC10100FFC10100FFC10100FFC10100FFC10100FFC1010051
S3250001C0E0FFC10100FFC10100FFC10100FFC10100FFC10100FFC10100FFC10100FFC1010031
S3250001C100FFC10100FFC10100A1C10100B7C10100DBC10100069800680005000F401C049013
S3250001C120069800684006400F401E029003281BD80298810001A040588746C0464DC1010019
S3250001C14055C101005DC1010063C101007D20000205900AE00120C003059006E03B480590E8
S3250001C16003E00898059000E0FFE749E0069800680005000F401C0490069800684006400F0C
S3250001C1800190012804D0FFE70198022803D005E02E48059003E00898059000E0FFE72FE0B1
S3250001C1A0344800680005000F401C0490089800F02FF8059024E02F4801680905090F491CD5
S3250001C1C0049100680006000F401C049948430490089800F01DF8059012E02648016809051D
S3250001C1E0090F491C049100680F210840401C049948430490089800F00BF8059000E0FFE740
S3250001C20005980499FCF754FB0AB080BDE819020082B0019000200090164800684003400FD6
S3250001C220022803D1FFE7019800900BE0114800684003400F012803D1FFE70448009000E00D
S3250001C240FFE7FFE7009802B07047C0460090D00381B0084800684003400F012803D1FFE743
S3250001C2600120009002E000200090FFE7009801B07047C0460840064086B0059004910598FD
S3250001C2808008039003988100B84840580290002001900598001F00906C2800D960E10098F3
S3250001C2A0810001A0405887465DC4010061C5010061C5010061C501005DC4010061C5010010
S3250001C2C061C5010061C501005DC4010061C5010061C5010061C501005DC4010061C5010029
S3250001C2E061C5010061C501005DC4010061C5010061C5010061C501005DC4010061C5010009
S3250001C30061C5010061C5010093C4010061C5010061C5010061C5010093C4010061C501007C
S3250001C32061C5010061C501005DC4010061C5010061C5010061C501005DC4010061C50100C8
S3250001C34061C5010061C501005DC4010061C5010061C5010061C501005DC4010061C50100A8
S3250001C36061C5010061C501005DC4010061C5010061C5010061C501005DC4010061C5010088
S3250001C38061C5010061C501005DC4010061C5010061C5010061C501005DC4010061C5010068
S3250001C3A061C5010061C501005DC4010061C5010061C5010061C5010005C5010061C501009F
S3250001C3C061C5010061C5010061C5010061C5010061C5010061C5010061C5010061C501001E
S3250001C3E061C5010061C5010061C5010061C5010061C5010061C5010061C5010061C50100FE
S3250001C40061C5010061C5010061C5010061C5010061C5010061C501005DC4010061C50100E2
S3250001C42061C5010061C501005DC4010061C5010061C5010061C501005DC4010061C50100C7
S3250001C44061C5010061C501005DC4010061C5010061C5010061C501005DC4010002980068CC
S3250001C460C00F002805D0FFE702995B2000060860FFE7049A029908685207520E70239843C9
S3250001C48080180860029908680122D2071043086069E002980068C00F002805D0FFE702993B
S3250001C4A05B2000060860FFE70498032808D1FFE702990868102210436022904308601AE0D9
S3250001C4C00498042808D1FFE702990868202210435022904308600DE00498002806D1FFE713
S3250001C4E00299086870229043086002E001200190FFE7FFE7FFE7029908680122D2071043BD
S3250001C500086030E002980068C00F002805D0FFE702995B2000060860FFE7049803280AD1DC
S3250001C520FFE7049A029908685207520E70239843801808600DE00498002806D1FFE7029935
S3250001C540086870229043086002E001200190FFE7FFE7029908680122D2071043086002E093
S3250001C56001200190FFE7019806B07047E819020080B584B0039002910192002000904048B9
S3250001C5800068C00F002805D0FFE75B2000063C490860FFE7029A3A490868D207920F0223F8
S3250001C5A0984380180860FFF753FE002807D1FFE7334908680122D2071043086045E0039A07
S3250001C5C023490868D207520F0423984380180860019B086801221340D2431040C018086015
S3250001C5E0086802231843086025490868104008600198002815D1FFE700F0A6FA2048016858
S3250001C6000122114301600168D207114301600068C003C00F002803D0FFE701200090FFE7D2
S3250001C62009E0174908680122104308600868D20710430860FFE70098002805D1FFE70420D2
S3250001C64000F006FA0090FFE7FFE7009804B080BD184006400A480068C00F002805D0FFE7F4
S3250001C6605B20000606490860FFE70549086801225302984308600868D20710430860704761
S3250001C6801440064085B00490039104988008029002988100BF48405801900498001F009050
S3250001C6A0832800D973E10098810001A040588746C1C801008FC901008FC901008FC90100E7
S3250001C6C0C1C801008FC901008FC901008FC90100C1C801008FC901008FC901008FC9010029
S3250001C6E0C1C801008FC901008FC901008FC90100C1C801008FC901008FC901008FC9010009
S3250001C700C1C801008FC901008FC901008FC90100C1C801008FC901008FC901008FC90100E8
S3250001C720C1C801008FC901008FC901008FC90100C1C801008FC901008FC901008FC90100C8
S3250001C740C1C801008FC901008FC901008FC90100C1C801008FC901008FC901008FC90100A8
S3250001C760C1C801008FC901008FC901008FC90100C1C801008FC901008FC901008FC9010088
S3250001C780C1C801008FC901008FC901008FC90100C1C801008FC901008FC901008FC9010068
S3250001C7A0C1C801008FC901008FC901008FC90100C1C801008FC901008FC901008FC9010048
S3250001C7C0C1C801008FC901008FC901008FC901008FC901008FC901008FC901008FC9010059
S3250001C7E08FC901008FC901008FC901008FC901008FC901008FC901008FC901008FC901006A
S3250001C8008FC901008FC901008FC901008FC901008FC901008FC901008FC901008FC9010049
S3250001C820C1C801008FC901008FC901008FC90100C1C801008FC901008FC901008FC90100C7
S3250001C840C1C801008FC901008FC901008FC90100C1C801008FC901008FC901008FC90100A7
S3250001C860C1C801008FC901008FC901008FC901008FC901008FC901008FC901008FC90100B8
S3250001C8808FC901008FC901008FC901008FC901008FC901008FC901008FC901008FC90100C9
S3250001C8A08FC901008FC901008FC901008FC901008FC90100F9C801002DC901005FC90100D2
S3250001C8C001980068C00F002805D0FFE701995B2000060860FFE7039A019908681207120D56
S3250001C8E00F231B02984380180860019908680122D207104308604BE054480068C00F002820
S3250001C90005D0FFE75B20000650490860FFE74F4908680F2212029043039A12021043086061
S3250001C92008680122D2071043086031E047480068C00F002805D0FFE75B200006434908609A
S3250001C940FFE742490868F0229043039A12011043086008680122D2071043086018E03B48FD
S3250001C9600068C00F002805D0FFE75B20000637490860FFE7354908680F229043039A104365
S3250001C980086008680122D2071043086000E0FFE705B07047E819020080B582B001900020B4
S3250001C9A000900198012823D1FFE7032000F050F8002803D0FFE70120009018E0234800688C
S3250001C9C0C00F002805D0FFE75B2000061F490860FFE71E4908680722120490430122130444
S3250001C9E0C01808600868D20710430860FFE72AE00198002823D1FFE7042000F029F8002804
S3250001CA0003D0FFE70120009018E010480068C00F002805D0FFE75B2000060C490860FFE717
S3250001CA200A49086807221204904301225304C01808600868D20710430860FFE702E0012073
S3250001CA400090FFE7FFE7009802B080BD0C40064084B0039000200290012001900398401E36
S3250001CA600090032860D80098810001A04058874681CA0100D5CA0100ABCA0100FFCA010071
S3250001CA80FFE702982B4988420ED8FFE70298401C02902C4800684007C00F002803D0FFE7AA
S3250001CAA00020019000E0ECE741E0FFE70298214988420ED8FFE70298401C02902048006812
S3250001CAC0C003C00F002803D0FFE70020019000E0ECE72CE0FFE70298164988420ED8FFE7F7
S3250001CAE00298401C0290154800688005C00F002803D0FFE70020019000E0ECE717E0FFE76C
S3250001CB0002980C4988420ED8FFE70298401C029009480068C003C00F002803D0FFE70020B5
S3250001CB20019000E0ECE702E000200190FFE7019804B070479F8601001440064000800240AB
S3250001CB401C40064004D0074080B584B00C480290002101910B4909680905090F491C03912B
S3250001CB600399FBF7A5FE401C0290FFE70198411C01910299884201D2FFE7F7E704B080BD34
S3250001CB80AC0D00000840064080B586B06020009004210491FFF770FB009801F093FF0499F9
S3250001CBA064200190FFF768FB019801F08BFF049968200290FFF760FB029801F083FF04993A
S3250001CBC06C200390FFF758FB039801F07BFF049970200590FFF750FB059801F073FF7C2041
S3250001CBE001F070FF06B080BD82B00090009800280FD0FFE700984078C007002807D0FFE798
S3250001CC0000990020487001A90120087006E0FFE700E0FFE701A900200870FFE701A800787E
S3250001CC2002B0704781B000900098002818D0FFE700980078C007002801D0FFE70FE00099F7
S3250001CC404888401C4880009948888988884204DBFFE700998888488000E0FFE7FFE700E0D3
S3250001CC60FFE701B0704781B00090009800281DD0FFE700980078C007002807D0FFE70099B6
S3250001CC80002008700099012048700EE0009948888988884204DBFFE700990120487000E03A
S3250001CCA0FFE7009900204880FFE700E0FFE701B0704782B0019068460180019800280CD063
S3250001CCC0FFE70199012008700199002048700199488000980199888000E0FFE702B07047F7
S3250001CCE080B584B00390029103980299012200920023019301F07EF90099019A039801F0D4
S3250001CD0057F904B080BD80B584B0039002910398029901220192002301F06CF9019A0398A1
S3250001CD20114601F045F904B080BD80B584B0039002910192039802990222002301F05AF992
S3250001CD400398019901231A4601F054F904B080BD80B582B0019000910198009902220023E2
S3250001CD6001F07EF901980099891C01231A4601F077F902B080BD80B586B0019202460198BA
S3250001CD800592049103AA02921070059804991278002301F065F9029A059804991278891868
S3250001CDA001231A4601F05CF906B080BD80B588B03A4801F029FA032002900221049101F04E
S3250001CDC0F1F9029804990122069201F0B5FA0298049A114601F0E8FA029804990022039280
S3250001CDE000F074F8029804990922019201F06CFA0499084601F0D6F90499069A084601F05D
S3250001CE009BFA049A1046114601F0CEFA039A0499084600F05BF8019A0499084601F054FAE2
S3250001CE200299049801F0BEF902990498069A01F083FA0299049A104601F0B6FA0299039A5F
S3250001CE40049800F043F8019A0299049801F03CFA04980821059101F0A5F904980599069A47
S3250001CE6001F06AFA029A0498059901F09DFA039A0498059900F02AF8049805990A2201F0B8
S3250001CE8023FA06991E20079003F06AFD079803F005FD1F2003F002FD08B080BD4DE40100B4
S3250001CEA084B003900291039881001F48405801900198006900900298012181400098084076
S3250001CEC000900098411E884104B0704785B004900391029204988100134840580190019865
S3250001CEE04069009003980121814000988843009002990398814000980843009000980199E5
S3250001CF00486105B07047C04683B002900191029881000548405800900199012088400099EC
S3250001CF20486003B07047C0468019020080B5002000F06CF980BD80B5012000F067F980BD6D
S3250001CF4080B501200C2100F007F880BD80B50120042100F001F880BD83B002900191029889
S3250001CF608100A8484058009001988100A64840580099C86503B0704782B001900198810064
S3250001CF808348405800900099886801229043886002B0704782B00190019881007C4840588E
S3250001CFA000900099886801221043886002B0704710B583B0029001910298810074484058FF
S3250001CFC00090019802680099486C03242240E343184080184864019842680099886C2240ED
S3250001CFE018408018886403B010BDC04684B003900291039881008348405800900098006E59
S3250001D000029901228A401040C8400190019804B07047C04684B003900291039881005C4874
S3250001D02040580190029842680199C8689207120EC02398438018C86002984068401E00904B
S3250001D04005285DD80098810001A040588746C04669D001008FD00100B5D0010001D101004F
S3250001D06001D10100DBD001000199C86A494A1040C030C8620199086B1040C7300863019908
S3250001D080486D01221043FE229043486539E00199486B404A1040283048630199886B10409E
S3250001D0A02F3088630199486D01221043FE229043486526E00199C86B364A1040801DC8634F
S3250001D0C00199086C1040103008640199886D01221043FE229043886513E00199486B2D4AA3
S3250001D0E01040093048630199886B1040113088630199486D02221043FD229043486500E0A7
S3250001D100FFE702980068002821D1FFE70199C86801231843C8600199C86802221043C86046
S3250001D120029882680199C868D207520D9B0298438018C86002980069401E4142484182003B
S3250001D1400199C868042398438018C8601EE00199C86801239843C8600199C868022290438C
S3250001D160C860029882680199C868D207920D5B0298438018C8600298C2680199886A064B21
S3250001D1801A40064B184080188862FFE704B07047D01902000000FFFFFF03000000FCFFFFCD
S3250001D1A083B00290019100920098029938224A43FA498918019A9200885003B07047C0460C
S3250001D1C084B003900291019203988100FD48405800900198002809D1FFE702988100EE4800
S3250001D1E042580099C8699043C86108E002988100E94842580099C8691043C861FFE704B01A
S3250001D2007047C046D81902009419020080B584B0039003988100DF48405801900398810024
S3250001D220E848405800900098C06D02900098C16902980840029002980099C8650298D649E9
S3250001D2400968084216D0FFE7039838214143D3484058002807D0FFE7039838214143CF48A1
S3250001D2604058804705E00199C86901229043C861FFE7FFE70298C8494968084218D0FFE739
S3250001D280039838214143C54840184068002808D0FFE7039838214143C048401840688047D5
S3250001D2A005E00199C86902229043C861FFE7FFE70298B9498968084218D0FFE70398382132
S3250001D2C04143B64840188068002808D0FFE7039838214143B14840188068804705E00199A8
S3250001D2E0C86904229043C861FFE7FFE70298AA49C968084218D0FFE7039838214143A748CB
S3250001D3004018C068002808D0FFE7039838214143A2484018C068804705E00199C86908221D
S3250001D3209043C861FFE7FFE702989B490969084218D0FFE7039838214143984840180069FD
S3250001D340002808D0FFE7039838214143934840180069804705E00199C86910229043C86127
S3250001D360FFE7FFE702988C494969084218D0FFE7039838214143894840184069002808D057
S3250001D380FFE7039838214143844840184069804705E00199C86920229043C861FFE7FFE7DA
S3250001D3A002987D498969084219D0FFE70398382141437A4840188069002808D0FFE70398FF
S3250001D3C038214143754840188069804706E00199C869012292059043C861FFE7FFE70298D7
S3250001D3E06D49C969084219D0FFE70398382141436A484018C069002808D0FFE703983821A0
S3250001D400414366484018C069804706E00199C8690122D2059043C861FFE7FFE702985E49D7
S3250001D420096A084219D0FFE70398382141435B484018006A002808D0FFE70398382141431E
S3250001D44056484018006A804706E00199C869012212069043C861FFE7FFE702984E49496A06
S3250001D460084219D0FFE70398382141434B484018406A002808D0FFE7039838214143474892
S3250001D4804018406A804706E00199C869012252069043C861FFE7FFE702983F49896A084269
S3250001D4A019D0FFE70398382141433C484018806A002808D0FFE70398382141433748401823
S3250001D4C0806A804706E00199C869012292069043C861FFE7FFE702982F49C96A084219D0E8
S3250001D4E0FFE70398382141432C484018C06A002808D0FFE703983821414328484018C06A81
S3250001D500804706E00199C8690122D2069043C861FFE7FFE702982049096B084219D0FFE739
S3250001D5200398382141431D484018006B002808D0FFE703983821414318484018006B8047FC
S3250001D54006E00199C869012292079043C861FFE7FFE702981049496B084219D0FFE7039834
S3250001D560382141430D484018406B002808D0FFE703983821414309484018406B804706E010
S3250001D5800199C8690122D2079043C861FFE7FFE704B080BDD01902009419020068CAFF1F1A
S3250001D5A083B00290019102988100284840580090019840020121090240180099086203B044
S3250001D5C07047C046D819020080B584B0002001900C21FFF7C1FC01981549087003A90291EC
S3250001D5E0087000F081FF019800F024F80299087004B080BD84B00390029101A90A7003987A
S3250001D600820012488058009002984002097840180099086204B0704780B500200421FFF72C
S3250001D6209BFC03490120087000F086FF80BDC046B0C8FF1F82B00190019881000348405859
S3250001D64000900098006AC0B202B07047D819020083B002900191029881000748405800907A
S3250001D660019A0099486A054B1A40054B18408018486203B07047C046D0190200FF030000CC
S3250001D68000FCFFFF80B58AB04020019004210591FEF7F2FD019801210791FEF7F3FF0198B7
S3250001D6A001F05EFB019801F00DFA0020089002210322009200F040FE009A0898114600F047
S3250001D6C03BFE08983B4A0C210491FFF769FD0499079A0898FFF774FD05990898364AFFF7CE
S3250001D6E05FFD0599079A0898FFF76AFD0898FFF743FC08983149FFF78DFC0898304906916D
S3250001D700FFF756FC01990898FFF7A2FF0898FFF741FC08990520039003F05AF9039803F0E9
S3250001D720DDF8059944200290FEF7A6FD07990298FEF7A8FF029801F013FB029801F0C2F92C
S3250001D740039A0899084600F0F7FD039A0799089800F0F2FD049907981A4AFFF721FD049945
S3250001D760079A1046FFF72CFD05990798164AFFF717FD0599079A1046FFF722FD0798FFF7A6
S3250001D780FBFB07981149FFF745FC06990798FFF70FFC07987721FFF75BFF0798FFF7FAFB0C
S3250001D7A008990620099003F013F9099803F096F80AB080BDC9D5010019D6010014C9FF1F60
S3250001D7C0E019020041CF01004DCF010028C9FF1F80B584B00390029101920398029901228F
S3250001D7E00092002300F006FC009B039801991A4600F000FC04B080BD80B584B0384800780D
S3250001D800C007002865D1FFE736480078012805DCFFE734490878401C087059E03148007815
S3250001D82002280FD1FFE72F490320087000200390FFF7A2FB03986821FFF70AFF0398FFF7E4
S3250001D840A9FB44E027480078032805DCFFE725490878401C087039E022480078042833D133
S3250001D860FFE72049042008701F4800780B2811D8FFE71D4802900078062141431B48401800
S3250001D880811C021D0020FFF750FA02990878401C087018E0144800780C2812D1FFE7124952
S3250001D8A00D20087000200190FFF766FB01986821FFF7CEFE0198FFF76DFB094901200870EE
S3250001D8C000E0FFE7FFE700E0FFE7FFE7FFE7FFE700E0FFE7024800780121084004B080BD3A
S3250001D8E081C9FF1F83C9FF1F82C9FF1F7615020080B59EB01DA9002008801CA90870C34820
S3250001D9000078002851D1FFE702200521FFF7C8FA01282CD1FFE7C2480088002827D0FFE7B5
S3250001D920C0480088C82806DBFFE7BF4802F0F7FB03F0C2F8FFE7BA480188491E0180008820
S3250001D940002813D1FFE7B1490878401C0870B7490120087000200990FFF70EFB0998682105
S3250001D960FFF776FE0998FFF715FBFFE7FFE702200521FFF795FA002816D1FFE7A8492820C8
S3250001D9800880A8490888401C088080B2C82803DBFFE7C820089003E0A24800880890FFE75A
S3250001D9A00898A0490880FFE723E198480078022805DCFFE795490878401C087018E1934816
S3250001D9C0007803281BD1FFE7052080011DA9069108801CAA07922020107000200590FFF776
S3250001D9E0A4F905980699079A02230B8043231370FFF79BF985490878401C0870F7E08348BF
S3250001DA000078052805DCFFE780490878401C0870ECE07E480078062810D1FFE700200490C3
S3250001DA20FFF7AAFA04986821FFF712FE0498FFF7B1FA76490878401C0870D6E073480078E1
S3250001DA40082805DCFFE771490878401C0870CBE06E480078092800D0C5E06D48008803906B
S3250001DA60232800D9B1E00398810001A04058874601DB0100CBDB01006BDB0100CBDB010056
S3250001DA80CBDB0100CBDB0100CBDB0100CBDB0100CBDB0100CBDB0100CBDB01009BDB010077
S3250001DAA0CBDB0100CBDB0100CBDB0100CBDB0100CBDB0100CBDB0100CBDB0100CBDB010027
S3250001DAC0CBDB0100CBDB0100CBDB0100CBDB0100CBDB0100CBDB0100CBDB0100CBDB010007
S3250001DAE0CBDB0100CBDB0100CBDB0100CBDB0100CBDB0100CBDB0100CBDB0100B3DB0100FF
S3250001DB00FFE7892080001BA908801AAA00201070FFF70BF9FFE7FFE74320C00019A908800C
S3250001DB2018AA00201070FFF700F9FFE7FFE717A93948088016AA00201070FFF7F6F8FFE7CE
S3250001DB40FFE715A93348088014AA00201070FFF7ECF8FFE7FFE713A93048088012AA00207B
S3250001DB601070FFF7E2F8FFE72FE0FFE711A92B48088010AA102010700020FFF7D6F8FFE78A
S3250001DB80FFE74320C0000FA908800EAA102010700020FFF7CAF8FFE717E0FFE70DA91E4816
S3250001DBA008800CAA102010700020FFF7BEF8FFE70BE0FFE70BA9174808800AAA10201070EE
S3250001DBC00020FFF7B2F8FFE7FFE711480088252803DBFFE70E48008804E00D490888401CBC
S3250001DBE00880FFE7FFE7FFE7FFE7FFE7FFE7FFE7FFE70748018801200022019224290290D9
S3250001DC0001DC0198029002981EB080BD88C9FF1F84C9FF1F27020000120200001502000022
S3250001DC2054C8FF1F86C9FF1FE51B020089C9FF1F80B586B057480078C007002800D0A1E002
S3250001DC4055480078012805DCFFE753490878401C087096E05048007802280FD1FFE74E49BB
S3250001DC600320087000200590FFF786F905984021FFF7EEFC0598FFF78DF981E0464800787A
S3250001DC80032805DCFFE744490878401C087076E041480078042870D1FFE73F4904200870DC
S3250001DCA03E480078602830D1FFE73D480078292811D8FFE73A4804900078062141433A4818
S3250001DCC04018811C021D0020FFF72FF804990878401C087018E0324800782A2812D1FFE7F6
S3250001DCE02F492B20087000200390FFF745F903986821FFF7ADFC0398FFF74CF925490120D3
S3250001DD00087000E0FFE7FFE736E024480078452830D1FFE722480078292811D8FFE7204820
S3250001DD2002900078062141431E484018811C021D0020FEF7FAFF02990878401C087018E0B8
S3250001DD40174800782A2812D1FFE715492B20087000200190FFF710F901986821FFF778FC6D
S3250001DD600198FFF717F90B490120087000E0FFE7FFE700E0FFE7FFE700E0FFE7FFE7FFE726
S3250001DD80FFE700E0FFE7034800780121084006B080BDC0468AC9FF1F8CC9FF1F62C8FF1F7E
S3250001DDA08BC9FF1FBE150200BA16020080B588B03F480078C007002873D1FFE73D480078C1
S3250001DDC0012805DCFFE73B490878401C087067E03848007802280FD1FFE73649032008702B
S3250001DDE000200390FFF7C8F803983921FFF730FC0398FFF7CFF852E02E480078032805DC18
S3250001DE00FFE72C490878401C087047E029480078042841D1FFE72749042008702648007826
S3250001DE20022811D8FFE72448029000780321414325484018411C821C0020FFF7C9FC02998E
S3250001DE400878401C087026E01B480078032820D1FFE719490420087000200190FFF78CF85B
S3250001DE6001986821FFF7F4FB0198FFF793F81049012008704349087004A8FF2101730F49EC
S3250001DE8006910F4905910F4904910D2102F076F900E0FFE7FFE700E0FFE7FFE7FFE7FFE756
S3250001DEA000E0FFE7024800780121084008B080BD8DC9FF1F8FC9FF1F8EC9FF1F3030FFFFB7
S3250001DEC0616C3D316E322E766C15020080B507480078C007002806D0FFE7044900200870AD
S3250001DEE000F044FB00E0FFE780BDC04656C8FF1F80B502200521FEF7D3FF00280CD1FFE778
S3250001DF001E480078C007002806D0FFE71C4802F006F902F0D1FDFFE700F036F8FFF7E8FC7E
S3250001DF2000281ED0FFE717480078C007002817D1FFE700F0CDFA02F04BF900280FD0FFE770
S3250001DF40FFF776FE002809D0FFE7FFF755FC002803D0FFE7FFF72AFFFFE7FFE7FFE7FFE78A
S3250001DF60FFE708480078C007002805D0FFE7FFF7ADFF00F0ADFAFFE780BDC04689C9FF1F70
S3250001DF80D41B020080C9FF1F80B508480178491C01700078642806D3FFE7044900200870A6
S3250001DFA002F00AFC00E0FFE780BDC04690C9FF1F80B584B0039002A8018001920020009078
S3250001DFC0FFE703980621FFF711F800280BD1FFE700983F49884205DBFFE7FFF753FB002095
S3250001DFE0009005E0EDE703980199FFF7D9FAFFE704B080BD10B586B00590049103A80280AA
S3250001E0000293002101910088401E0090FFE70098002822D4FFE7FFE705980621FEF7E6FF35
S3250001E02000280ED1FFE70198401C019001982849884205DBFFE7FFF725FB002001900CE019
S3250001E040EAE705980299049A009BD25CFFF7D2FAFFE70098401E0090D9E706B010BDC046D2
S3250001E06010B586B00590049103A80280029301A9002008800090FFE7009803A9098888424B
S3250001E08024DAFFE7FFE705980621FEF7AFFF002810D1FFE70198411C01A8018000880C495C
S3250001E0A0884206DBFFE7FFF7EDFA01A9002008800CE0E8E705980299049A009BD25CFFF749
S3250001E0C099FAFFE70098401C0090D5E706B010BD8913000080B51B480068C00700280CD096
S3250001E0E0FFE7D248006890214058002804D0FFE7002000F091F8FFE7FFE713480068C00797
S3250001E10000280CD0FFE7C948406890214058002804D0FFE7012000F07FF8FFE7FFE70B4883
S3250001E1200068C00700280CD0FFE7C048806890214058002804D0FFE7022000F06DF8FFE747
S3250001E140FFE780BD60500640645006406850064080B512480068C00700280CD0FFE7B34804
S3250001E160C06890214058002804D0FFE7032000F053F8FFE7FFE70A480068C00700280CD096
S3250001E180FFE7AA48006990214058002804D0FFE7042000F041F8FFE7FFE780BD6C500640B4
S3250001E1A07050064084B003900291039881009F4840580190039881009D484058009001980A
S3250001E1C002998900401800690004C00F002808D0FFE700980299890041185B20000608619B
S3250001E1E0FFE7019802998900411808690122D3051843086101980299890041180869D20390
S3250001E2001043086104B0704781B0009000982D49086001B07047C04680B586B0059005988E
S3250001E220810082484058029005988100804840580190029890214058049000200390FFE743
S3250001E24003981F283BD8FFE704980399C840C007002826D0FFE71B480068002806D0FFE722
S3250001E2601848026805980399904719E001980399890041185B200006086102980399890004
S3250001E280411808690F22120490430861029803998900411808690122D20310430861FFE707
S3250001E2A0FFE70498039A012191400840029990228B588850FFE70398401C0390C0E706B028
S3250001E2C080BDC046D8CAFF1F85B004900391029204988100554840580190049881005448A7
S3250001E2E040580090019803998900401800690004C00F002808D0FFE70098039989004118A1
S3250001E3005B2000060861FFE7029A019803998900411808691207120B0F231B049843801808
S3250001E3200861019803998900411808690122D2031043086105B0704785B0049003910292D4
S3250001E3400498810039484058019004988100384840580090019803998900401800690004A7
S3250001E360C00F002808D0FFE700980399890041185B2000060861FFE7029A019803998900A1
S3250001E380411808695207520D07231B02984380180861019803998900411808690122D20351
S3250001E3A01043086105B0704710B585B0049003910292049881001D484058019004988100B0
S3250001E3C01B4840580090019803998900401800690004C00F002808D0FFE7009803998900B6
S3250001E3E041185B2000060861FFE7029B01221340019803998900411808699043C01808613E
S3250001E400029B0224234001980399890041180869A043C0180861019803998900411808699B
S3250001E420D2031043086105B010BDC0465C1A0200701A020080B5FFF725F901F043FD01F04D
S3250001E44093FD00F0F5FEFBF71BFC80BD80B582B0019000910198022808D1FFE70098082829
S3250001E46004D1FFE719490120087026E00198032808D1FFE70098022804D1FFE71248FEF78A
S3250001E480F2FB19E00198022808D1FFE70098022804D1FFE70B48FEF7E6FB0CE001980228B8
S3250001E4A008D1FFE70098032804D1FFE70448FEF7DAFBFFE7FFE7FFE7FFE702B080BDC04675
S3250001E4C072C9FF1F6CC9FF1F66C9FF1FC8C9FF1F80B501F005FF01F009F8FAF757FCFBF73B
S3250001E4E06DF900F04BF880BD80B5D14801684018407DC00700281ED0FFE70020FFF79AF808
S3250001E500CB490A798A1850710879401C087108790A681549895C884206DAFFE7012100229A
S3250001E5201046FFF745FD05E0002001221146FFF73FFDFFE7FFE780BDBD4908790A680A4940
S3250001E540895C88420FDBFFE7B94801684018407DC007002807D0FFE7B54908680A1800205A
S3250001E56050750871FFE7704766C8FF1F80B500F0DDFFFAF755FCFBF795F980BD80B584B004
S3250001E58000200390029050480068FF2851D1FFE74E480078C00700284BD0FFE7002003904F
S3250001E5A0FFE70398072819D8FFE70399A0484018407BC00700280BD0FFE703989C490A18E4
S3250001E5C0002050730398086003983F49086005E0FFE7FFE70398401C0390E2E703980828F4
S3250001E5E025D1FFE700200290FFE7029803281DD8FFE702998E4840182C21405CC00700285F
S3250001E6000ED0FFE7029A8A490846283082180020107102988862029808302B49086005E0C8
S3250001E620FFE7FFE70298401C0290DEE700E0FFE700E0FFE72448006801900B2840D80198E5
S3250001E640810001A04058874679E601007FE6010085E601008BE6010091E6010097E6010092
S3250001E6609DE60100A3E60100A9E60100AFE60100B5E60100BBE60100FBF726F921E0FAF71E
S3250001E680D1FD1EE0FAF7EAFE1BE0FAF7CDFB18E0FAF790FC15E000F09BFF12E001F052F8F9
S3250001E6A00FE001F045FE0CE001F0F6F809E0FBF719FA06E001F05AFF03E001F0EDFE00E0A8
S3250001E6C0FFE704B080BDC04658C8FF1FB0C8FF1F83B0024602A8027001910121009100782E
S3250001E6E0202803D3FFE70120009011E0019800280AD0FFE70198006802A909788900064AE6
S3250001E70088500020009002E001200090FFE7FFE7009803B07047C0460040034080B586B015
S3250001E7204149039100200290FCF770FE02990398C9430591017A04AA1170406873210901D9
S3250001E74088421ED1FFE704A800780190012808D0FFE70198022808D0FFE70198032809D059
S3250001E7600DE03349012048730AE0314901208873887705E02E490120C873C87700E0FFE711
S3250001E78050E0294840682949884249D1FFE704A800780090032808D0FFE70098452816D065
S3250001E7A0FFE70098602809D01AE021492D22012088541D48407AFBF775F930E01C492F227E
S3250001E7C00120885404A8007801F018FD27E018492F220120885404A8007801F00FFD1EE036
S3250001E7E004A80078042805DBFFE704A8007806280ADBFFE704A8007811280EDBFFE704A807
S3250001E8000078142809DCFFE709492E220120885404A8007801F00CFD00E0FFE7FFE700E029
S3250001E820FFE7FFE706B080BD30CBFF1F3107000094C9FF1F80B5294800684003C00F0028FE
S3250001E84022D0FFE725480068C00F002805D0FFE75B20000621490860FFE72049086801221D
S3250001E8609304184308600868D207104308601C480068002804D0FFE719480068804702E013
S3250001E880FDF7E8FEFFE7FFE7164800684003C00F002822D0FFE713480068C00F002805D064
S3250001E8A0FFE75B2000060F490860FFE70D49086801229304184308600868D20710430860FD
S3250001E8C007484068002804D0FFE705484068804702E0FDF7E3FAFFE7FFE780BD1440064046
S3250001E8E0DCCAFF1F1C40064080B582B04949086801900198484A126810400190019808602A
S3250001E900019846490968084210D0FFE744480068002804D0FFE742480068804705E0414949
S3250001E9200868042290430860FFE7FFE701983B494968084210D0FFE739484068002804D030
S3250001E940FFE737484068804705E036490868202290430860FFE7FFE7019830498968084272
S3250001E96010D0FFE72E488068002804D0FFE72C488068804705E02B49086840229043086001
S3250001E980FFE7FFE701982549C968084211D0FFE72348C068002804D0FFE72148C06880478E
S3250001E9A006E0204908680122520290430860FFE7FFE7019819490969084211D0FFE7184835
S3250001E9C00069002804D0FFE715480069804706E0144908680122920290430860FFE7FFE7E7
S3250001E9E001980E494969084211D0FFE70C484069002804D0FFE70A484069804706E0094984
S3250001EA0008680122D20390430860FFE7FFE702B080BDC04608E0074014CBFF1FB81702008E
S3250001EA2018CBFF1F1CE0074080B500F001F880BD10B582B000200190FFE7019803283AD8CC
S3250001EA40FFE7019880001D4A80580004C00F00900099019880008058400B0840012420406C
S3250001EA600090009B019881008858DB071B0CE403A043C01888500098002817D0FFE70198C1
S3250001EA8081000F484058002806D0FFE7019881000B484058804708E001988100074A88581C
S3250001EAA001235B0398438850FFE7FFE7FFE70198401C0190C1E702B010BDC046240004404D
S3250001EAC07CCBFF1F83B002900298A3494018019002980090802800D93AE10098810001A016
S3250001EAE040588746E9EC010051ED010051ED010051ED0100E9EC010051ED010051ED0100C3
S3250001EB0051ED0100E9EC010051ED010051ED010051ED0100E9EC010051ED010051ED0100C8
S3250001EB2051ED0100E9EC010051ED010051ED010051ED0100E9EC010051ED010051ED0100A8
S3250001EB4051ED0100E9EC010051ED010051ED010051ED0100E9EC010051ED010051ED010088
S3250001EB6051ED0100E9EC010051ED010051ED010051ED0100E9EC010051ED010051ED010068
S3250001EB8051ED0100E9EC010051ED010051ED010051ED0100E9EC010051ED010051ED010048
S3250001EBA051ED0100E9EC010051ED010051ED010051ED0100E9EC010051ED010051ED010028
S3250001EBC051ED0100E9EC010051ED010051ED010051ED0100E9EC010051ED010051ED010008
S3250001EBE051ED0100E9EC010051ED010051ED010051ED0100E9EC010051ED010051ED0100E8
S3250001EC0051ED0100E9EC010051ED010051ED010051ED0100E9EC010051ED010051ED0100C7
S3250001EC2051ED0100E9EC010051ED010051ED010051ED010023ED010051ED010051ED01006C
S3250001EC4051ED0100E9EC010051ED010051ED010051ED0100E9EC010051ED010051ED010087
S3250001EC6051ED0100E9EC010051ED010051ED010051ED0100E9EC010051ED010051ED010067
S3250001EC8051ED0100E9EC010051ED010051ED010051ED0100E9EC010051ED010051ED010047
S3250001ECA051ED0100E9EC010051ED010051ED010051ED0100E9EC010051ED010051ED010027
S3250001ECC051ED0100E9EC010051ED010051ED010051ED0100E9EC010051ED010051ED010007
S3250001ECE051ED0100E9EC010001980068C00F002805D0FFE701995B2000060860FFE7019942
S3250001ED000868012210430223984308600199086853051843086001990868D20710430860DB
S3250001ED2017E00E480068C00F002805D0FFE75B2000060A490860FFE708490868012210430C
S3250001ED400223984308600868D2071043086000E0FFE703B07047C04600500640545006408A
S3250001ED6083B00290029896494018019002980090802800D921E10098810001A04058874699
S3250001ED8085EF0100BBEF0100BBEF0100BBEF010085EF0100BBEF0100BBEF0100BBEF010080
S3250001EDA085EF0100BBEF0100BBEF0100BBEF010085EF0100BBEF0100BBEF0100BBEF010060
S3250001EDC085EF0100BBEF0100BBEF0100BBEF010085EF0100BBEF0100BBEF0100BBEF010040
S3250001EDE085EF0100BBEF0100BBEF0100BBEF010085EF0100BBEF0100BBEF0100BBEF010020
S3250001EE0085EF0100BBEF0100BBEF0100BBEF010085EF0100BBEF0100BBEF0100BBEF0100FF
S3250001EE2085EF0100BBEF0100BBEF0100BBEF010085EF0100BBEF0100BBEF0100BBEF0100DF
S3250001EE4085EF0100BBEF0100BBEF0100BBEF010085EF0100BBEF0100BBEF0100BBEF0100BF
S3250001EE6085EF0100BBEF0100BBEF0100BBEF010085EF0100BBEF0100BBEF0100BBEF01009F
S3250001EE8085EF0100BBEF0100BBEF0100BBEF010085EF0100BBEF0100BBEF0100BBEF01007F
S3250001EEA085EF0100BBEF0100BBEF0100BBEF010085EF0100BBEF0100BBEF0100BBEF01005F
S3250001EEC085EF0100BBEF0100BBEF0100BBEF0100BBEF0100BBEF0100BBEF0100BBEF010009
S3250001EEE085EF0100BBEF0100BBEF0100BBEF010085EF0100BBEF0100BBEF0100BBEF01001F
S3250001EF0085EF0100BBEF0100BBEF0100BBEF010085EF0100BBEF0100BBEF0100BBEF0100FE
S3250001EF2085EF0100BBEF0100BBEF0100BBEF010085EF0100BBEF0100BBEF0100BBEF0100DE
S3250001EF4085EF0100BBEF0100BBEF0100BBEF010085EF0100BBEF0100BBEF0100BBEF0100BE
S3250001EF6085EF0100BBEF0100BBEF0100BBEF010085EF0100BBEF0100BBEF0100BBEF01009E
S3250001EF8085EF010001980068C00F002805D0FFE701995B2000060860FFE7019908680122AC
S3250001EFA0530598430860019908681843086001990868D2071043086000E0FFE703B0704714
S3250001EFC00050064010B584B0574800F0B5F8FFE75648029000F03CF902980068022805D320
S3250001EFE0FFE752490868801E086003E04F4996480860FFE74D4800684D49096888420AD3C1
S3250001F000FFE74B48006849490968401A8E4940184849086010E045480068454909688842D5
S3250001F02008D2FFE74248006840490968401A4149086000E0FFE7FFE73C4800683C4908604C
S3250001F04003A900200870FFE703A8007877490978884267DAFFE73748046803A80178C90052
S3250001F060714B5A185168091951600078C4001A1950686C49096852781B5DD3180C225A438A
S3250001F08089188968884246D3FFE76648006803A900910978CB00644A0192D1184978D25C56
S3250001F0A08A180C21514340588047009901980978CA008118805C4A788018401C8978884214
S3250001F0C008D2FFE703A80078C2005749885C401C885406E003A80078C20053490020885465
S3250001F0E0FFE703A80078C1004F48421850684D49096893780C225A4389188968884208D382
S3250001F100FFE703A80078C100474841180020486000E0FFE700E0FFE7FFE70398401C03A959
S3250001F120087091E754E7C046D417020058C9FF1F5CC9FF1F10CCFF1F84B0039002A900209C
S3250001F140087001A90870039836490860FFE73548006802A90A780C215143415801200029F0
S3250001F16000900CD1FFE72F48006802A90A780C21514340180079411E88410090FFE7009861
S3250001F180C00700284CD0FFE72648006802A90A780C2151434058002813D0FFE72148006859
S3250001F1A002A90A780C21514340180079002808D1FFE7029801A90978CA001B498918487056
S3250001F1C029E01848006802A90A780C215143405800281ED1FFE71348006802A90A780C21B7
S3250001F1E0514340180079002813D0FFE7029801A90A78D3000C4AD31898700878C30000206D
S3250001F200D0540198401C087008490878401C087000E0FFE7FFE70298401C02A9087096E76F
S3250001F22004B07047C4C9FF1FE4CAFF1F14CCFF1F0449054808600A49002008600349052099
S3250001F2400860704714E000E0FFFFFF0010E000E081B00090024800680099086001B070470B
S3250001F26018E000E080B582B000200090FFF72AFC01F0CCF9009A012101910846FDF778F9C5
S3250001F2800198FDF789FB00998520FDF7FBF901998620FDF7F7F987200721FDF7F3F902B0AB
S3250001F2A080BD80B5002000F00BF880BD80B5012000F006F880BD80B5022000F001F880BD87
S3250001F2C070B594B0139000201290119010900F9013998A007A4989580E9113998A00794908
S3250001F2E089580D91784A01A978CA78C178CA78C178CA78C10D9949690C9A114011910D9914
S3250001F300C96E0B9A114010911290FFE71298072845D8FFE711981299C840C007002839D060
S3250001F320FFE70E981299890040188069C006C00F00282FD0FFE70D98129989004018806909
S3250001F3400F900F98202188430F900F980D99129A92008918886113982C2141435B48401829
S3250001F36012998900405800280AD0FFE713982C21414356484018129989004058804708E0E5
S3250001F3800E981299890041188869102290438861FFE7FFE7FFE71298401C1290B6E71198B4
S3250001F3A0099908422BD0FFE70E980069C005C00F002824D0FFE70D9840690F900F9801211E
S3250001F3C0090288430F900F980D99486113982C2141433E484018006A002808D0FFE7139866
S3250001F3E02C21414339484018006A804706E00E9908690122120290430861FFE7FFE7119845
S3250001F4000A9908422BD0FFE70E9800698005C00F002824D0FFE70D9840690F900F980121FC
S3250001F420490288430F900F980D99486113982C21414326484018406A002808D0FFE713989D
S3250001F4402C21414321484018406A804706E00E9908690122520290430861FFE7FFE710987D
S3250001F4600B99084229D0FFE70E98806E4006C00F002822D0FFE70D98C06E0F900F981021C5
S3250001F48088430F900F980D99C86613982C2141430E484018806A002808D0FFE713982C218E
S3250001F4A041430A484018806A804705E00E99886E402290438866FFE7FFE714B070BDC046FE
S3250001F4C0F81B0200041C0200001502008CCBFF1F70477047704770477047704770477047AA
S3250001F4E070477047704770477047000080B582B013480190FDF796FB1248FDF793FB00F0CE
S3250001F50023F80198FDF770FB00280BD0FFE7DF48807CC007002804D1FFE7DC4901208874D9
S3250001F520FFE700E0FFE702B080BDC04680B504480021FDF7BEFB03482821FDF7BAFB80BD5A
S3250001F54078C9FF1F72C9FF1F80B51B480078C00700282CD0FFE719480188491C01800188B2
S3250001F56017484843174940180221C841164988420DD8FFE7154A0020D06090601146083193
S3250001F5800120D07205200002FCF746F800E0FFE70A480088FF212E31884206DBFFE70749A9
S3250001F5A0002008800449087000E0FFE703E0034900200880FFE780BDC8C9FF1F5CC8FF1F26
S3250001F5C0295C8FC250B81E05285C8F0230CBFF1F80B596B015A90120087011A953488881C5
S3250001F5E0FF210806139052481290524A11920DAA117351490F910E9050480D905048007860
S3250001F60002280FD1FFE700200690FDF7B5FC06983821FEF71DF80698FDF7BCFC484901209B
S3250001F620087080E04648007801280CD1FFE70020059015A9FDF754FB0598944A012191769F
S3250001F6403F4908706EE03E480078002868D1FFE78E48807EC007002860D1FFE73849022093
S3250001F6600870AD49FF2008608849C8790007000D0A7A80180790487A0007000D897A401884
S3250001F680089007987D21C9000091F9F731F90099303011AA0392D0710798F9F729F9084691
S3250001F6A064210191F9F724F90199039A303010720798F9F71DF908460A210291F9F718F954
S3250001F6C00299039A303050720798F9F711F9039A08460199303090720898F9F709F901991D
S3250001F6E030300DAA0492D0710898F9F701F908460299F9F7FDF80299049A30301072089802
S3250001F700F9F7F6F8049A0398303151720E2100F035FD04980D2100F031FD00E0FFE700E0C8
S3250001F720FFE7FFE7FFE716B080BDC046FFFF0000616C3D006E302E760000FFFF6E312E767C
S3250001F7405EC8FF1F10B590B00FA97C2008704D490AA81222F8F76AFD4B48007803280FD1A5
S3250001F760FFE700200990FDF707FC09985421FDF76FFF0998FDF70EFC4349022008707FE050
S3250001F7804148007802280AD1FFE700200FA9FDF7A7FA3E490120C8763B4908706FE03A4856
S3250001F7A00078012869D1FFE73848C07EC007002861D1FFE75849FF2008603349032008707D
S3250001F7C03249544806900022026002600260097A016000682E490191F9F76AF801990246A4
S3250001F7E0069830320AAB08931A720068F9F760F8084628490291F9F75BF80299089B02465B
S3250001F80006983024079422435A720068F9F750F808467D21C9000391F9F74AF80399089BC9
S3250001F8200246069830329A720068F9F741F8084664210491F9F73CF80499089B024606982A
S3250001F8402243DA720068F9F733F808460A210591F9F72EF80599089B0246069822431A732F
S3250001F8600068F9F725F8079A089811434173122100F084FC00E0FFE700E0FFE7FFE7FFE7C8
S3250001F88010B010BD301502005FC8FF1F94C9FF1FA08601001027000080B584B002A901203A
S3250001F8A008711A4802901A48007802280FD1FFE700200190FDF760FB01985421FDF7C8FE42
S3250001F8C00198FDF767FB1249012008701CE010480078012816D1FFE70E48026802A90A7196
S3250001F8E00268120ACA7042888A70C078487000200422FDF740FA0849FF20086004490220D2
S3250001F900087000E0FFE7FFE704B080BD7C01010160C8FF1FCCC9FF1F58C8FF1F80B50020C0
S3250001F92000F030F980BD80B5012000F02BF980BD80B5022000F026F980BD80B5032000F0D8
S3250001F94021F980BD84B00390029103988100274840580090029908698007000ECA689207D0
S3250001F960920E80184A68D207520F80188A68D207920F801809680122114040180190019859
S3250001F98000998860019803998A000549885003988200885806239843885004B07047C046B0
S3250001F9A018CCFF1F82B00190019881006D48405800900098C06F0121084002B07047C046E4
S3250001F9C084B003900291039881000848405800900098406902998A00054989580840411EF6
S3250001F9E088410190019804B07047C046881C0200341C0200B0B58CB00B900A9130200790E6
S3250001FA002C20069028200590242004900B98810004A84058039003980A994969FCF756FA1A
S3250001FA2002900B988100F448405801900199C868802200921043C86002980A990968090173
S3250001FA40F8F736FF099009A80478019A1168FF23DB43194009191160427801994868184019
S3250001FA608018486002980A9909680901F8F720FF08910A9801680898F8F71AFF009A0890FB
S3250001FA80089C0199C023C8580F252C40A8430019C8500199C8689043C8600A9880680028EB
S3250001FAA006D1FFE70199C86808229043C8601BE00A98806801280BD1FFE70199C86808222F
S3250001FAC01043C8600199C86810229043C8600AE00199C86808221043C8600199C868102258
S3250001FAE01043C860FFE7FFE70A984068042807D1FFE70199CC22885801231843885009E0DC
S3250001FB000A9842680199C86803231A4098438018C860FFE70A98C2680199C868D207520FF7
S3250001FB20042398438018C8600A98026901990869D207920E20239843801808610A98006941
S3250001FB40012806D1FFE70199086902221043086105E001990869022290430861FFE70CB0DB
S3250001FB60B0BDC046781C020083B0029001910092009802994A01A2498918019A920088507D
S3250001FB8003B0704780B586B0059005988100B5484058029005988100BA48405801900198CD
S3250001FBA0406905998A009549885002984068C005C00F002821D0FFE7059881008F48401895
S3250001FBC040784006002817D5FFE7059841018C4840184069002807D0FFE7059841018848DE
S3250001FBE040184069804706E0029948680122120290434860FFE7FFE7FFE7029840688005DA
S3250001FC00C00F002821D0FFE7059881007B48401840780006002817D5FFE70598410178487F
S3250001FC2040188069002807D0FFE705984101744840188069804706E002994868012252024C
S3250001FC4090434860FFE7FFE7FFE7029840684007C00F00281FD0FFE7059881006748405CB2
S3250001FC609E21084216D0FFE705984101644840188068002807D0FFE7059841016048401819
S3250001FC808068804705E002994868042290434860FFE7FFE7FFE7029840684005C00F0028AD
S3250001FCA021D0FFE7059881005448401840788007002817D5FFE70598410151484018C06922
S3250001FCC0002807D0FFE7059841014D484018C069804706E002994868012292029043486019
S3250001FCE0FFE7FFE7FFE7029880680F21084004900498801E00900A2876D80098810001A0B9
S3250001FD004058874631FD0100E9FD01005DFD0100E9FD0100E9FD010085FD0100E9FD0100CE
S3250001FD20E9FD0100E9FD0100E9FD0100B7FD010005984101324840184068002807D0FFE714
S3250001FD40059841012E4840184068804705E002994868022290434860FFE746E005984101C6
S3250001FD6027484058002806D0FFE70598410124484058804705E00299486801229043486019
S3250001FD80FFE732E00198C06F0390059841011C484018C068002807D0FFE705984101184822
S3250001FDA04018C068804705E002994868012290434860FFE719E0059841011148401800694F
S3250001FDC0002807D0FFE7059841010D4840180069804705E002994868012290434860FFE7C7
S3250001FDE001980068039000E0FFE70598820003490020885006B080BD781C0200A8CCFF1F24
S3250001FE0028CCFF1F84B0039002910192039881001C48405800900198002809D1FFE7029819
S3250001FE20810009484258009948681043486008E0029881000448425800994868904348605E
S3250001FE40FFE704B07047C046101C020082B001900198810003484058009000980068C0B254
S3250001FE6002B07047781C020083B0029001A8017002998A0003498958009100780099086041
S3250001FE8003B07047881C020080B584B0039002910120019000200090FFE700980299884277
S3250001FEA00DD2FFE70398FFF77DFD002803D1FFE70020019003E00098401C0090EDE7019804
S3250001FEC004B080BD70B58AB02420029004210391FCF7D2F902980021FCF7D4FB0298FEF772
S3250001FEE0F1FD039968200490FCF7C6F90498FEF7E9FDFFE700204349FFF7C6FF012804D1E1
S3250001FF00FFE70020FFF7A2FFF4E7144900200190FFF770FD0198124B05A90A4630CB30C210
S3250001FF2070CB70C2FFF70EFD1021032200921046FEF702FA009A0F211046FEF7FDF9019978
S3250001FF40084A0846FFF710FE019A10461146FFF759FF0A2000F0D2FC0AB070BDC4180200B3
S3250001FF604415020065010200B0B58CB02C2004900421FCF781F904980021FCF783FB0498DA
S3250001FF80FEF7A0FD1E4902200590FFF733FD0320052206921146FEF7CFF90598069A01212F
S3250001FFA0FEF7CAF9FFE702201649FFF76DFF012804D1FFE70220FFF749FFF4E7124A07A98E
S3250001FFC0084618CA18C038CA38C002200190FFF7B9FC01980D4A00210291FFF7C5FD0198C5
S3250001FFE0029A1146FFF70EFF0C2000F0A7FC78200390FEF7B5FE0398FEF764FD0CB0B0BD58
S32500020000DC180200581B0000581502001100020080B582B00220FFF719FF01A9087001999A
S32500020020264803785A1C0270254AD1540078042804DBFFE7214900200870FFE70020009052
S325000200401F480078012818D1FFE71D484078012813D1FFE71A48807801280ED1FFE7184809
S32500020060C078012809D1FFE71748009000206946FEF72EFB00F02AFD1DE01148007802286C
S3250002008018D1FFE70E484078022813D1FFE70C48807802280ED1FFE70948C078022809D1BF
S325000200A0FFE70848009000206946FEF711FB00F00DFDFFE7FFE702B080BDC046D4C9FF1F2C
S325000200C0D0C9FF1F020202020101010180B584B00390029100200190694608700190FFE777
S325000200E001980299884218D2FFE703980199405C69460870FFE702200621FFF761FC002888
S3250002010001D1FFE7F7E7684601780220FFF7ACFEFFE70198401C0190E2E704B080BD83B0FF
S3250002012080B5C3B0479346924591429045A84190429A419B0120010201A800F027FD0090CE
S325000201400098000A002803D0FFE7FF200090FFE7009901A8FFF7BAFF43B080BC01BC03B0EF
S325000201608646704780B582B001A9009100200870FFF76CFE0099087002B080BD80B584B0F1
S325000201800390029100200190694608700190FFE701980299884218D2FFE703980199405C43
S325000201A069460870FFE700200621FFF709FC002801D1FFE7F7E7684601780020FFF754FE9B
S325000201C0FFE70198401C0190E2E704B080BD000009480078C007002807D0FFE7064900200D
S325000201E0087080490120087500E0FFE77E480078012108407047C04661C8FF1F81B001462E
S32500020200684601700078602804D1FFE7D549602008700AE068460078452804D1FFE7D14994
S325000202204520087000E0FFE7FFE701B07047C04681B0014668460170007804280FD1FFE7BE
S3250002024094480078012804DCFFE792490420087004E090490878401E0870FFE73DE0684618
S32500020260007805280FD1FFE78A480078032805DCFFE788490878401C087003E085490120D8
S325000202800870FFE728E068460078112804D1FFE78049012008701EE068460078122804D141
S325000202A0FFE77C490220087014E068460078132804D1FFE77749032008700AE06846007876
S325000202C0142804D1FFE773490420087000E0FFE7FFE7FFE7FFE7FFE7FFE701B07047C04615
S325000202E080B51248FCF780FC00281BD0FFE73D482E21405CC007002805D1FFE739492E2212
S3250002030001208854FFE763480078032805DCFFE760490878401C087003E05E4901200870BD
S32500020320FFE700E0FFE700F061F880BD72C9FF1F80B582B001A97B200870294800780328F2
S325000203400FD1FFE700200090FCF716FE00985421FDF77EF90098FCF71DFE214902200870F6
S325000203603BE01F48007802280AD1FFE7002001A9FCF7B6FC1B4901200877194908702BE038
S3250002038017480078012825D1FFE71648007FC00700281DD1FFE79B49FF20086010490320F2
S325000203A0087010484079602809D0FFE70D484079452804D0FFE76B496020087004E009484F
S325000203C0407968490870FFE707490120087000E0FFE700E0FFE7FFE7FFE702B080BDC04617
S325000203E063C8FF1F94C9FF1FD5C9FF1F2948007801280DD1FFE78449FF220A740020887516
S3250002040008772223CA54282288542E22885437E02048007802280DD1FFE77B49002008745B
S32500020420FF228A7508772223C8542823CA542E22885424E01748007803280DD1FFE772499A
S3250002044000220A748A75FF2008772223CA542823CA542E22885411E00E48007804280CD197
S32500020460FFE76949FF2008748875087722228854282288542E228854FFE7FFE7FFE7FFE7BB
S325000204806149342040220A543A238020C85490208854704760C9FF1F10B586B005A97B20AF
S325000204A008802F48007805280FD1FFE700200490FCF762FD04985421FDF7CAF80498FCF76E
S325000204C069FD27490420087047E02548007804281ED1FFE723480290007805A9487000209A
S325000204E0019001220392FCF746FC0199029B03981B4C032222701C4AD1609160114608316E
S325000205001B785372907205200002FBF785F823E013480078032804D1FFE711490220087033
S3250002052019E00F480078022804D1FFE70C49012008700FE00A480078012809D1FFE73149FC
S32500020540FF20086006490520087000F0C9FA00E0FFE7FFE7FFE7FFE7FFE706B010BDC04686
S3250002056064C8FF1F62C8FF1F30CBFF1F80B582B02348007802280FD1FFE700200090FCF7EB
S32500020580FBFC00984021FDF763F80098FCF702FD1B490120087031E01948007801281ED18B
S325000205A0FFE701A900200870FFE701A800780A2811D8FFE701A80078062141431248401885
S325000205C0811C021D0020FCF7B0FBFFE70198401C01A90870E9E70A49002008700DE00848A4
S325000205E00078002807D1FFE70649FF20086004490220087000E0FFE7FFE7FFE702B080BD57
S3250002060065C8FF1F58C8FF1F6EC8FF1F80B582B08C48019000F0D4F80199886801229043ED
S32500020620886000F0F1F802B080BDC04680B582B08448019009480068002804D0FFE707484E
S3250002064000688047FFE700F0BBF805480268019988681043886002B080BDC046B8CCFF1FC7
S32500020660981C020080B582B07648019000F0A8F80199886801221043886000F0C5F802B02F
S3250002068080BDC04680B586B005906E480490039000200290039880680190049880684006A2
S325000206A0C00F002803D1FFE701200290FFE70298002859D1FFE701982D4908400190059891
S325000206C0C0694007410B019808430190059880698007810D01980843019005980068C00705
S325000206E0810E01980843019005988068C007010F01980843019005984068C007410F019828
S32500020700084301900598C068C007810F01980843019000F055F801980399886000F074F8AE
S325000207200290029800281ED1FFE700F049F8059840690399C86000F067F8029002980028AA
S3250002074010D1FFE70598006801280AD1FFE700F037F8059800690399086100F055F80290E2
S32500020760FFE7FFE7FFE7FFE7029806B080BDC046D1FCF8FF80B584B00390029131480190E9
S32500020780019880680090039881000A4841580098884300900298401CC007C10E00980843D7
S325000207A0009000F00DF800980199886000F02CF804B080BDA01C020080B500F0E1F980BD93
S325000207C083B0EFF310800190019800900098002805D1FFE7EFF3108072B60290FFE707B469
S325000207E006480749074A0160026007BC0098002802D1FFE762B6FFE703B070471420054022
S32500020800C4A1D9B00F3B1E1A83B00E480290002001900090FFE702988068C001C00F0128E3
S325000208200CD0FFE70198000D002803D0FFE70120009003E00198401C0190ECE7009803B02F
S325000208407047C0460020054080B588B000200690019002900390009004490591049004206A
S3250002086007906846FFF70EFF08B080BD0077010080B582B000200190FEF772FA0198FEF7B4
S3250002088021F9FFF7E1FF01990846FFF773FF1A2000F014F8FFF7E6FE02B080BD81B0009050
S325000208A00098002808D4FFE700991F200140012088402A490860FFE701B0704781B00090C2
S325000208C00098002808D4FFE700991F2001400120884022490860FFE701B0704781B00090AA
S325000208E00098002808D4FFE700991F200140012088401A490860FFE701B0704781B0009092
S325000209000098002808D4FFE700991F2001400120884012490860FFE701B0704781B0009079
S325000209200098002808D4FFE700991F200140012088400A490860FFE701B0704781B0009061
S325000209400098002808D4FFE700991F2001400120884002490860FFE701B0704700E100E049
S3250002096070B582B0019000910198002814D4FFE701980321CB4318404E4A805801998C07A7
S32500020980E50EFF24AC40A043009CA401E4B2AC4020431940885018E001980F2420400838AF
S325000209A00321CB431840424A805801998D07EE0EFF25B540A843009DAD01EDB2B5402843C9
S325000209C02140083919408850FFE702B070BDC04670B582B0019000910198002814D4FFE769
S325000209E001980321CB431840324A805801998C07E50EFF24AC40A043009CA401E4B2AC40A3
S32500020A0020431940885018E001980F24204008380321CB431840264A805801998D07EE0EDA
S32500020A20FF25B540A843009DAD01EDB2B54028432140083919408850FFE702B070BDC046C2
S32500020A4070B582B0019000910198002814D4FFE701980321CB431840164A805801998C07FE
S32500020A60E50EFF24AC40A043009CA401E4B2AC4020431940885018E001980F2420400838CE
S32500020A800321CB4318400A4A805801998D07EE0EFF25B540A843009DAD01EDB2B540284320
S32500020AA02140083919408850FFE702B070BDC0461CED00E000E400E0BFF34F8F0D490E48A7
S32500020AC00860BFF34F8FFFE700BFFDE7BFF34F8F084909480860BFF34F8FFFE700BFFDE7DA
S32500020AE0BFF34F8F034904480860BFF34F8FFFE700BFFDE70CED00E00400FA0580B586B0FE
S32500020B00FEF7B0FBFCF740F8FFF7B2FEFCF74EF9002005900D21009101220292FDF70CFCFB
S32500020B200099029A0598FCF7D1F900990598FCF7EBF9029A05980C210191FDF7FDFB019993
S32500020B40029A0598FCF7C2F901990598FCF7DCF9029A0220039005210491FDF7EDFB039A22
S32500020B6004991046FDF720FC03980499059AFCF7ADF9FDF75FFCFEF725FA059806B080BD07
S32500020B8003B40148019001BD01C0FF1F7CB51D4616460C0001D0611E00E0002101910090B0
S32500020BA0054B6A462946304600F0E8F8002C02D0009A002111707CBDB51402002021020CEB
S32500020BC001D010211046020A01D010460839020901D01046091F820801D01046891E420845
S32500020BE001D0881E7047081A704702E008C8121F08C1002AFAD170477047002001E001C114
S32500020C00121F002AFBD17047F0B51FB486B00998089A030D0021024314D05148514A18183F
S32500020C20504305141198012810981AD0281A401C00264D4F4D49009601910490002812DAD6
S32500020C40444211E01198012449A3012801D11098C1430698119A84600360C26041600BB0A6
S32500020C60F0BD4042E4E70446210500203F4A001C51410391029012E0E00707D032463B46DC
S32500020C8001990098F7F76AFC0191009032463B4610461946F7F762FC06460F466410002C69
S32500020CA0EAD10498039B0028029A0999089806DAF7F754FC019B009AF7F750FC05E0F7F7D0
S32500020CC0B5FC019B009AF7F7B1FC04460E460022284BF7F759FF03D80020C043014607E0E5
S32500020CE00022254B20463146F7F786FBF7F72CFF102409E0002C0ADB0A220023F7F720FE6C
S32500020D00079B30321A55641E02460A43F2D11122641C079B121B1C19119B012B03D00123F8
S32500020D2008430ED10AE0084304D0112010900020119077E71098151A6D1E0BE010988242CF
S32500020D4002DD00236D1C03E0824201DA00236D1E002BEED0069811998260C16030C07EE747
S32500020D6001FCFFFF104D0000000014400000F03F300000000000F0430000E03FFFB597B013
S32500020D800646002518E2252877D100242746FD49049400E00443761C32780120203A90402E
S32500020DA00842F7D130782A280ED00222307801463039092916D804990A235943303940187E
S32500020DC01443761C0490F1E7189802C804911890002904DA0120400304434842049002200D
S32500020DE00443761C30782E2814D1042004437078761C2A2809D11898761C80C8189009E003
S32500020E000A214F43303FC719761C3078014630390929F5D930786C2810D006DC4C281AD078
S32500020E2068280ED06A2817D104E0742813D07A2812D110E00120400504430CE00121090521
S32500020E4001E0032109050C437178814203D1012000052418761C761C3078119066280BD070
S32500020E6013DC58287DD009DC00287BD04528F6D04628F4D047281AD1A5E118E0632835D089
S32500020E80642870D0652812D19DE170286CD008DC6728F1D069287BD06E280DD06F2806D1CB
S32500020EA0BAE073282ED0752871D0782859D01A9A199990476D1C7EE16002400F022809D077
S32500020EC003280DD00428189801680DD00D60001D189070E11898EA1701680D604A60F6E74F
S32500020EE0189801680D80F2E70D70F0E718986A4601781172001D18900020507202A80090DA
S32500020F00012005E0189802C8189000200091C04361070DD5002101E00199491C0191B94215
S32500020F2012DA8142F8DB009A515C0029F4D10BE0002101E00199491C01918142FADB019A41
S32500020F400099895C0029F5D1019904981A9B471A21463846199A00F097FA01994019451867
S32500020F600BE04FE02CE113E04EE0009800990078491C00911A9A199990470198401E0190BD
S32500020F80401CF2D1214638461A9B199A10E137E00A200021009001916002410F022907D0B4
S32500020FA0189A01CA1892C2179446032908D00AE01898C01DC108C90005C91891944607E00A
S32500020FC000B2C2179446042902D140B2C1178C4600226146944506DA0A46002140429141C1
S32500020FE08C462D2102E0210504D52B216A461173012103E0E10701D02021F7E7029155E0C3
S325000210000A200AE0102008E0102000900021042004430191082703E0082000210191009041
S325000210206002410F022907D0189A01CA189200229446032908D008E01898C01DC108C900C6
S3250002104005C91891944603E080B2042900D1C0B200210291210729D51199702906D0009A25
S325000210601021019B4A401A4305D00EE040216A461173012108E06146014306D030216A4690
S3250002108011731199517302210291009A0821019B4A401A430AD16146014301D1610705D580
S325000210A030216A46117301217F1E02911199582904D035A10E910DA90D910DE037A1F9E7E4
S325000210C06146019B009AF7F73BFC0E9B8C469B5C0D9A521E0D92137061460143F0D10D980A
S325000210E005A9081A20300190600703D501200004844300E001270198874201DD381A00E092
S325000211000020019900904118029809180498401A0490E00306D421461A9B199A049800F0C7
S32500021120B3F94519002706E003A81A9AC05D199990476D1C7F1C02988742F5DBE0030CD570
S3250002114021461A9B199A049800F09EF9451904E01A9A3020199990476D1C0099481E0090AE
S325000211600029F5DC08E00D980D990078491C0D911A9A199990476D1C0199481E019000293F
S32500021180F1DC63E109280100303132333435363738396162636465660000000030313233DC
S325000211A03435363738394142434445460000000000F05AF94519761C3078002800D0E2E5B1
S325000211C028461BB0F0BD600700D406271898C01DC108C90048680A680831C30FDB071891E2
S325000211E0190001D09CA108E0210501D59BA104E0E10701D09AA100E09AA1430011985B085E
S32500021200109165280CD006DC452809D046281DD0472841D141E0662818D067283CD13CE069
S325000212200021112F01DB112000E0781C0191009008A911A8FFF7E8FC139905910021119A50
S3250002124015927F1C12980197009150E00120C00703900120019008A9009711A8FFF7D4FC4D
S32500021260139A149905920022119B009212981593059A0192002901D0104602E0791C401872
S325000212800190381A01D5019804E04042401E0090781C0190C01B029043E0012F00DA0127B9
S325000212A00021112F01DD112000E038460191009008A911A8FFF7A8FC13990591119A002124
S325000212C0129815920091019721070CD40599B94201DB019900E00191012904DD159A491EE2
S325000212E0515C302906D0B84201DA011D05DA0121029115E00199491EEDE7002805DC009917
S32500021300411800910199091A03E0019A411C914200DD01910099401A401C02900120C00738
S325000213200390200706D402990198814202DB0020C043029000206946C87707AF0121039807
S325000213400337C907884224D0022011902B201290039800280CDA404203902D20129007E079
S325000213600A210398F7F7A4FA30317F1E039039701199481E11900029F2DC03980028EFD1AE
S32500021380791E129808703078202108404530BF1E387006A8C01BC01D039010980078002820
S325000213A000D00120019941180298C0170918039809180498401A401E0490E00306D42146E7
S325000213C01A9B199A049800F05FF8451910980078002803D01A9A199990476D1CE00324D59F
S325000213E021461A9B199A049800F04EF845191CE00098002807DB00990598884203DD1598BB
S32500021400405C199901E0199930201A9A904700986D1C401C00900298401E0290002804D174
S325000214201A9A2E20199990476D1C0199481E01900029DDDC05E038781A9A7F1C19999047B0
S325000214406D1C0399481E03900029F4DC21461A9B199A0498ACE600002D0000002B00000018
S325000214602000000000000000F8B5044600251E461746880404D405E039462020B0476D1CDF
S32500021480641EF9D52846F8BDFFB50446002581B01E46C80301D5302700E02027880404D595
S325000214A005E038460399B0476D1C641EF9D5284605B0F0BD4A68002A06D00A68531C0B6087
S325000214C010704868401E4860704700003333534000004040295C0F403333D33FCDCC8C3FEE
S325000214E074322E7478743D22322E302E3022FFFFFF74372E7478743D2220323522FFFFFF06
S325000215000100000002000000040000000800000010000000200000004000000080000000C4
S32500021520000100000002000010000000FF03000074392E7478743D2230303030303022FFB3
S32500021540FFFF0000010000000100000001000000030000000000000001000000010000007D
S32500021560010000000300000000000000390087390526390666006800010012006800500063
S3250002158000006800CE0147006800030D8B006800CF0109006800D20104006800D401020003
S325000215A068000C02030068000D02A80068000E02480068001B020500680003020000400094
S325000215C0530000004000C801E3004000CA0100004000CB0100004000CC0100004000CD0192
S325000215E000004000CE012C004000CF0100004000D0010D004000D1012B004000D2018000AA
S325000216004000D30100004000D40100004000D50100004000D60100004000D70120004000F4
S32500021620D80105004000D90160004000DA0102004000DB016D004000DC0104004000DD0165
S3250002164051004000DE01E0004000DF0105004000E00100004000E10100004000E201800027
S325000216604000E30101004000E4019C004000E50101004000E60104004000E701FF004000C3
S32500021680E80100004000E90100004000EA01FF004000EB0100004000EC0100004000C901A2
S325000216A0190040000100D80040001802040040001902A80040001A02480040005300000058
S325000216C04000C801E3004000CA0100004000CB0100004000CC0100004000CD0100004000A4
S325000216E0CE012C004000CF0100004000D00109004000D101D7004000D20100004000D301AD
S3250002170000004000D40100004000D50100004000D60100004000D70120004000D801050029
S325000217204000D90160004000DA0101004000DB01D2004000DC0100004000DD01FD004000A5
S32500021740DE0160004000DF0105004000E00100004000E10100004000E20180004000E30113
S3250002176001004000E4019C004000E50101004000E60104004000E701FF004000E8010000FD
S325000217804000E90100004000EA01FF004000EB0100004000EC0100004000C9011900400031
S325000217A00100D80040001802040040001902A80040001A024800000004000000200000001F
S325000217C04000000000020000000400000080000064860000D7F40100000000000000000085
S325000217E0000000000100000000000000D5F401000000000000FA000000000000010000001B
S3250002180000FA0000F1DE01000000000000E20400000000000500000000E20400D1F401005F
S325000218200000000000FA0000DBF401000100000000F40100DDF401000200000000EE02001C
S32500021840DFF401000300000000E80300E1F401000400000000E20400E3F401000500000021
S3250002186000E20400E5F401000600000000D60600E7F401000700000000D00700E9F4010026
S325000218800800000000CA0800D3F401000900000000C40900000000000A00000000C40900F1
S325000218A0D9F4010000000000001027000000000028000000001027000000000000000000BC
S325000218C0000000008025000003000000000000000000000000000000005A620200C20100D7
S325000218E003000000000000000000000000000000005A620204000000020000000000020017
S325000219000000010000000800000010000100000020000000400000008000000000000800BD
S325000219200000040000000100000001000000020000000000008000000040000000080000CF
S325000219400004000000000040000000800000000420000000400000008000000000000800CF
S32500021960000004000000010000000100000002000040024000A002400040024000A002408F
S3250002198000F00F4040F00F4080F00F40C0F00F4000F10F400100000002000000040000007C
S325000219A0080000001000000020000000000040000000800000000001000000020000000420
S325000219C00000000800000040000000803F00C0CF00600640007006400060064000700640B1
S325000219E000000000000000000050064004500640085006400C50064010500640145006401F
S32500021A00185006401C5006402050064024500640285006402C5006403050064034500640DE
S32500021A20385006403C5006404050064044500640485006404C5006405050064054500640BE
S32500021A40585006405C5006406050064064500640685006406C5006407050064000900440D4
S32500021A6000A0044000B0044000C0044000D004400090044000A0044000B0044000C00440BE
S32500021A8000D00440C9FFFFFFA80FEB43CEFFFFFF284FAE43D3FFFFFF93218243D8FFFFFF2E
S32500021AA0E9A64343DDFFFFFFC72B1443E2FFFFFFB7B1E242E7FFFFFF1B1EAF42ECFFFFFF84
S32500021AC031798842F1FFFFFF31995642F6FFFFFF59062A42FBFFFFFF9D910742000000000D
S32500021AE0B1BFD94105000000362BB0410A0000006D678F410F000000A8C66A411400000013
S32500021B00BA49414119000000000020411E00000031080541230000003255DE402800000031
S32500021B20DAACBA402D0000003F579D40320000001826854037000000713D62403C00000085
S32500021B404BEA404041000000AA822540460000005C8F0E404B0000000456F63F500000004D
S32500021B606891D53F550000006ADEB93F5A000000D34DA23F5F0000001D5A8C3F640000005B
S32500021B80F54A793F69000000933A613F6E000000ED0D4E3F730000000C023B3F7800000008
S32500021BA0C7BA283F7D0000008104153F8200000058CAF23E87000000B6F3DD3E8C00000034
S32500021BC0C286C73E91000000F5B9BA3E96000000C9769E3E506F7765726F66662052657336
S32500021BE065740D0A00506F7765726F6E2052657365740D0A00000000008003400090034033
S32500021C0000A00340008003400090034000A0034001000000820000000400000000000000D9
S32500021C20010000000001000000020000000400008F070000010000000200000004000000F7
S32500021C4008000000100000002000000040000000800000009E0000000001000000020000E3
S32500021C6000040000000800000010000000200000004000000080000000A0064000B0064084
S32500021C8000C0064000D0064000A0064000B0064000C0064000D00640000000040000000420
S32500021CA01000000010000000D81C020000C0FF1F48000000EA0B0200201D020000C8FF1FC4
S32500021CC064010000E08B0100B01D020064C9FF1F58030000FA0B020083B0EFF31080019079
S32500021CE0019800900098002805D1FFE7EFF3108072B60290FFE707B406480749074A01601A
S32500021D00026007BC0098002802D1FFE762B6FFE703B0704714200540D6B1C4A07B0C0D1E9F
S32500021D2012011A03013405020A3210F201320432035A020C091A20291C29041A28063AFFE7
S32500021D400C1E02030201605E1B010201150604014014E5010112401CE60104061AE72D1272
S32500021D60403AE8063AE9061CEA01FF063AEB063AEC061CED0180063AEE06BCEF017080A36A
S32500021D8030079A310C9A320C9A330C9A340C9A350C9A360C5A370C69689A400C69089A7715
S32500021DA00C0213082366263CFFFFFF0429280000FFFFFFFFFFFFFFFFFFFFFFFFFFFFFFFFC5
S30900021DC06B22D7DCD7
S3250002B80000400020DDB802000DB902000FB902000000000000000000000000000000000097
S3250002B82000000000000000000000000011B90200000000000000000013B9020015B9020096
S3250002B84017B902001BB902001FB9020023B9020027B902002BB902002FB9020033B90200E0
S3250002B86037B902003BB902003FB9020043B9020047B902004BB902004FB9020053B90200C0
S3250002B88057B902005BB902005FB9020063B9020067B902006BB902006FB9020073B90200A0
S3250002B8A077B902007BB902007FB9020083B9020087B902008BB902008FB9020093B9020080
S3250002B8C00348854600F074FD00480047FD4203000040002000C0FF1F0040002072B62E49DB
S3250002B8E009682E4A1268521A013A05DD0020042308601944043AFBDA00BF29482949016032
S3250002B9000A6882F3088862B627488047FEE7FEE7FEE7FEE7FEE7254800472548004725480C
S3250002B92000472548004725480047254800472548004725480047254800472548004725485F
S3250002B94000472548004725480047254800472548004725480047254800472548004725483F
S3250002B96000472548004725480047254800472548004725480047254800472548004725481F
S3250002B98000472548004725480047254800472548004725480047FEE7D4B80200D8B80200CF
S3250002B9A008ED00E000B80200C1B8020097B9020097B9020097B9020097B9020097B90200DB
S3250002B9C02D0703003707030097B9020097B9020097B902001D3103002731030031310300E0
S3250002B9E03B31030097B9020097B9020097B90200A32A0300AD2A0300B72A03006DD4020009
S3250002BA0077D4020097B9020097B9020097B90200352003002D3E030097B902002922030075
S3250002BA20E9200300D51803005119030003460B439B0703D009E008C9121F08C0042AFAD2DC
S3250002BA4003E00B780370401C491C521EF9D27047F8B502464A40D40F42004B0052085B08A6
S3250002BA609A4202D20246084611464A0023D0C30D4A00DDB2120EAD1A202D35DA4902012686
S3250002BA80490AF6058A19002C00D0524220214F1B1146B9402A411018C20D9A4221D0002CC7
S3250002BAA017D0012D08DCDA05801AD20F8019D207DBB200F0B1FBF8BDDA05801A01234000FE
S3250002BAC01B06C01880185A428018CA0F1043490007E04908C2071143DA05801A8019400875
S3250002BAE0801800F091FBF8BD61000122511A001BF7E70122D2075140AAE70122D2075040E3
S3250002BB00A6E7024670B54A40D30FDB0740002DD04A002AD0010E140E000212020919400AA1
S3250002BB20520A8418E50104465443000A120A2E045043A4194219200CC543AA18120C012501
S3250002BB40AD03521C521912047F39240400D0521C104301D44000491EC2B20C06C0092018CA
S3250002BB60401C4008802A02D003E0002070BD40084000002900DA0020184370BD70B50246CD
S3250002BB804A40D50F40004A00ED0740085208002814D0002A12D0C40DD30D41020120C0051D
S3250002BBA05202490A520AE41A091812187D34914201D3641C00E04900002C01DA002070BDDC
S3250002BBC00023914201D3891A0343400849000028F7D100290AD0914202D10121C90705E0A9
S3250002BBE0914201D2012101E00121C943E005C018401900F009FB70BDF0B507460846584057
S3250002BC0087B0C00F049048000E46590040084908BC1A884105D2384631461E4617460B4677
S3250002BC2002465800400810434CD0300D039040055900400D490D0590401A0290402872DA5F
S3250002BC4018030121000B09050843019004980092002805D001995242002088410092019045
S3250002BC60029840210A1A0199009800F099FA05460C466B4607CB00F0B4FAC0197141039A02
S3250002BC800E0D0023D71756401A467A40164344D0049A002A2DD0029A012A039A15DC120522
S3250002BCA0C01A914101263605001C7141D20F059ED2070093019202962A46234600F0F2FAD0
S3250002BCC007B0F0BD38463146FAE71605224A0F46B218C01AB74101210905001C4F410018B6
S3250002BCE07F41114618187941E20F10436D19644113E0E2076D0815436408C2071443039AFA
S3250002BD0001261205C01A91413605001C7141CE07400830434908C01851412A46234600F014
S3250002BD20B4FACDE7FFE7049801224000C117121A00238B4104983146C417381AA141EEE7CA
S3250002BD4030B40124E407634030BC55E730B40124E407614030BC4FE70000E0FFF0B51FB40E
S3250002BD6088B00B990998002448400999C00F490049080991C0070B990090490049080B91BC
S3250002BD8009990898A64608431CD00B990A98084318D0099801244000420D4800410D099831
S3250002BDA024050003000B204309900B980003000B20430B9050181C49401800220190144667
S3250002BDC0104605E0002001460DB0F0BD032801DA034600E003239C46C11A0AAE0AE05F003C
S3250002BDE008ADED5B4F00F75B7D430027AA187C41491C5B1E6145F2DD410004AB5A52210423
S3250002BE00120C0A43240C401C0828DFDB019802900099704601910090059B049A0799069821
S3250002BE2000F040FAD0E700000DFCFFFFF0B50C465C4085B0E40FE40703944C0000266408F7
S3250002BE4059009446490802460296224321D062460A431ED06200570D4A000E032303550D94
S3250002BE60012402462C492405781B1B0B360B401823432643614600901C46501AB44103D3C0
S3250002BE800098401C009002E0921800985B41002803DA0020014605B0F0BD00200121090538
S3250002BEA00746864611E064461D46141BB54106D36546521BB341744607430C43A646CD0746
S3250002BEC040084908284392185B4105460D43EAD11046184313D06046194650407140084395
S3250002BEE006D06046101AB34106D20122002306E000220123DB0702E00122D243531000985F
S3250002BF0074460105381C6141029C039D0019694100F0BBF9BFE70000FD0300000122D2071C
S3250002BF20002800DB101A002900DB511A814201D801207047002070470122D207002800DB13
S3250002BF40101A002900DB511A814201D201207047002070470122D207002800DB101A0029A9
S3250002BF6000DB511A814201D3012070470020704710B5002904DB0C460121C9074042A141B8
S3250002BF80002B04DB1C460123DB075242A341801A994101D3012010BD002010BD10B500299E
S3250002BFA004DB0C460121C9074042A141002B04DB1C460123DB075242A341101A8B4101D23F
S3250002BFC0012010BD002010BDC217C10F504010B54018CA079623002100F01EF910BD0000A9
S3250002BFE00EB5C217C10F5040CA0740180021054B0293019200910A460B4600F053F903B05A
S3250002C00000BD00003304000070B5CD0F4A0009030123090B1B0519430B4BED070024520D4C
S3250002C0209A4201DA002070BD074B34339A4203DC9A1A00F0C5F802E00449511888402C4350
S3250002C040F1D0404270BD0000FF030000CDFBFFFFC20FD207400040080BD0C10D0723DB01BF
S3250002C060C91840020905400A1143C208400711437047002001467047CB0FDB07490010B5E5
S3250002C080490802460A4307D00A0D07240903E401090B121B002A01DC002010BDC900440F57
S3250002C0A00C43C100E018D205801800F0ADF810BD70B50446002903D000202022012310E0BE
S3250002C0C0002801D00020C043C046C0460DE02546D5408D4205D30D469540641B1D4695403D
S3250002C0E040191546521E002DF1DC214670BD000070B5002504462E46002911D0002C01DA6D
S3250002C10001254442002901DA012649422046FFF7CFFFB54200D04042002D00D0494270BD8D
S3250002C120002C02DA0121C90702E0002C00DD03490846C046C046214670BD0000FFFFFF7F5C
S3250002C140F0B51FB40646002082B005464024019100901BE0019922460F46304600F030F810
S3250002C160049A059B801A994110D310461946224600F016F8361A8F410197224601200021A5
S3250002C180009F00F00DF838184D4100902046641E0028DFDC019B00982946324607B0F0BD4B
S3250002C1A010B5202A04DB0146203A9140002010BD914020239C1A0346E3401943904010BDFB
S3250002C1C010B5202A04DB0846203AD040002110BD0B46D340D0402024A21A914008431946D4
S3250002C1E010BD10B5202A06DBCB170846203A1041C1170B4306E00B461341D0402024A21ADE
S3250002C20091400843194610BD002904DA401C490001D140084000704770B40024050C05D1E2
S3250002C2201024000402D1002921D01124050E01D100020834050F01D10001241D850F01D1EB
S3250002C2408000A41C002801DB4000641C002908D020252E1B0D46F540A14000D0012129437C
S3250002C260084301061B1B000ADB1D02D5002070BC7047DB05181880180029F8DA401C49000A
S3250002C280F5D170BC40084000704710B5002B08DA0024401C614192185B411A4301D14008B4
S3250002C2A0400010BDF0B51FB482B005460C0003D0084608F083F802E008F080F820300246EA
S3250002C2C0009021462846FFF76BFF049B059A04460F4618431143084314D0184610431BD03A
S3250002C2E0009840210A1A18460599FFF769FF05460E46009A05990498FFF752FF084305D0E5
S3250002C300012004E02046394607B0F0BD0020C11705430E432C43374300990E986305401A4C
S3250002C3207905E40A00220C43FD0A0A3002D500200146E9E70105101969410C9C0D9D001985
S3250002C3406941FFF7A2FFDFE74A0009030123090B1B0519430A4B10B5520D9A4202DA002073
S3250002C360014610BD064B34339A4203DC9A1AFFF727FF10BD034BD218FFF712FF10BD000085
S3250002C380FF030000CDFBFFFF10B5002904DB0124E40740428C412146002B04DB1C460123AA
S3250002C3A0DB075242A341994200D1904210BD00001CB5094800900948019005460126009C2E
S3250002C3C005E0E36807CC33430C3C98471034AC42F7D3FFF779FA0000A8540300D854030022
S3250002C3E070B58C180578401C6B075B0F01D10378401C2A1106D10278401C03E006780E7047
S3250002C400401C491C5B1EF9D12B0705D40023521E0DD40B70491CFAE70378401CCB1A921C66
S3250002C42003E01D780D70491C5B1C521EF9D5A142D8D3002070BD80B590B00F900E910D92B8
S3250002C4400E9B0D990F9800910CA90BAA00F036F80E980C99C90040180A900E980B99C900AC
S3250002C460401809900A98019000680290FFF7ACFD019907900F9849680491FFF73AFB029913
S3250002C4800390099805900068401AFFF79DFD01460398FFF736FB04990246059806924068AE
S3250002C4A0FFF727FB01460698FFF768FB01460798FFF7CEFA0890089810B080BD10B588B048
S3250002C4C00A9C079006910592049303A9002008700A98002804D1FFE703A92220087003E040
S3250002C4E003A92A200870FFE7079804994968FFF715FD002804D1FFE704984068079017E036
S3250002C5000798049A03A90978C9008918091F0968FFF720FD002809D1FFE7049903A80078EB
S3250002C520C0004018001F0068079000E0FFE7FFE70020029003A80078401E0190FFE70298CD
S3250002C540401C0199884219DAFFE7029801994018C10F40184010009007980499009AD200FE
S3250002C56089184968FFF7DAFC002803D1FFE70098019002E000980290FFE7E0E70298069998
S3250002C580086001980599086008B010BD1A480188491C0180018819484843194940180321E3
S3250002C5A0C8411849884201D8FFE700E0FFE71248018815484843154940181549884201D838
S3250002C5C0FFE700E0FFE70C48018812484843124940181249884201D8FFE700E0FFE706483A
S3250002C5E000887D21C900884204DBFFE702490120088000E0FFE7704700C8FF1F295C8FC288
S3250002C60050B81E0514AE4701D712B9BF52DA8D00A4B41B01EFCD7AA245EA78008AD4F10081
S3250002C6205C4901204874704780B58EB00DA9C3208870564808800CA9002008800790069005
S3250002C6405348007803280FD1FFE70020049004F093F80498492104F0FBFB049804F09AF889
S3250002C6604B49022008708FE049480078022808D1FFE700200DA903F06BFF454901200870C9
S3250002C68081E04348007801280DD1FFE705A900200390087003F024FF0398DD4A01211176E7
S3250002C6A03B4908706EE03A480078002869D1FFE7D748007EC007002862D1FFE734490320A1
S3250002C6C00870D449FF200860D1490191487900018979090941180CA801800088FFF780FC2C
S3250002C6E0CD4ACE4BFFF73AFB0022CD4BFFF79EFB0B910A900A980B99274A284BFFF796FB27
S3250002C7000991089008980999254A264BFFF774FA0246019802920A46029907920691202188
S3250002C720405CC007002829D0FFE71F480022C2608260069807991D4BFFF730FC002805D134
S3250002C740FFE71A4807900020069002E007980698FFE70698079900220092154BFFF7FEFAF7
S3250002C760FFF752FC1049887308310520000202F053FB0098A6492022885400E0FFE7FFE728
S3250002C780FFE7FFE7FFE7FFE70EB080BD01C3000002C8FF1F94C9FF1F1E1E1E1E1E1EBE3F26
S3250002C7A0CDCCCCCCCCCCDC3F30CBFF1F0080394000002440B0B5A4B023A9C32088709048DF
S3250002C7C0088022A900200B900880219020908D491BA81122FFF72AF90B981AA908708A4AC3
S3250002C7E015A918CA18C138CA38C1149013901290119010908548007803280FD1FFE700203D
S3250002C8000A9003F0B9FF0A98492104F021FB0A9803F0C0FF7D4902200870EFE07B480078F1
S3250002C820022808D1FFE7002023A903F091FE774901200870E1E07548007801280DD1FFE75D
S3250002C8400FA900200990087003F04AFE0998FD4A012151766D490870CEE06C4800780028AB
S3250002C86000D0C8E0F748407EC007002800D0C1E0664903200870F449FF200860F1494879D2
S3250002C880000189790909411822A801800088FFF7A7FBEE4AEE4BFFF761FA00220792ED4B02
S3250002C8A0FFF7C4FA0246079808920A460899219220910EA90870FFE70EA80078042845DC56
S3250002C8C0FFE720980590219806900EA80078810015A84058FFF7BCFB024605980B46069948
S3250002C8E0FFF746FB002814D1FFE720980190219802900EA80078810015A84058FFF7A8FBD5
S3250002C900024601980B460299FFF71AFA039004910DE00EA80078810015A84058FFF798FB96
S3250002C920209A219BFFF70CFA03900491FFE703980499FFF7A1FB0EA909788A0010A9885052
S3250002C940FFE70E98401C0EA90870B5E710980D900CA900200870FFE70CA8007804281BDC55
S3250002C960FFE70CA80078810010A840580D99FFF7F1FA00280AD1FFE70CA80078810010A8F7
S3250002C98040580D900C981AA90870FFE7FFE70C98401C0CA90870DFE71AA8007800900428C6
S3250002C9A022D80098810001A040588746C1C90200C9C90200D1C90200D9C90200E1C902004A
S3250002C9C01BA93020887210E01BA9312088720CE01BA93220887208E01BA93320887204E069
S3250002C9E01BA93420887200E0FFE71BA8112106F0C5FFFFE7FFE7FFE7FFE7FFE724B0B0BDE9
S3250002CA0001E30000E04C0300CC4C030003C8FF1F94C9FF1F58C8FF1FFCA9F1D24D621040D7
S3250002CA2000FC9F4080B596B015A9C32088708248088014A900200880119010900FA90870D7
S3250002CA400E907E490AA80F22FEF7F0FF7C48007803280FD1FFE70020089003F08DFE08989F
S3250002CA60492104F0F5F9089803F094FE744902200870DEE072480078022808D1FFE70020ED
S3250002CA8015A903F065FD6E4901200870D0E06C48007801280DD1FFE709A900200790087081
S3250002CAA003F01EFD0798F34A0121917564490870BDE063480078002800D0B7E0ED48807DB6
S3250002CAC0C007002800D0B0E05D4903200870EA49FF200860E74948790001897909094118A5
S3250002CAE014A801800088FFF77BFAE44AE44BFFF735F90022E34BFFF799F9139112901298B5
S3250002CB001399E14AE14BFFF749FA002801D1FFE721E0129803901399049100224E4BFFF7C1
S3250002CB201DF9039A049B05900691D748D749FFF707F9024605980B460699FFF777F911915D
S3250002CB40109010981199FFF797FAD1490122FFF772FC0E90FFE70E980021FFF7EDF9002864
S3250002CB6013D1FFE70E98FFF773FA0022C94BFFF743F8FFF749FA01460FA801700AAA2021D6
S3250002CB801172007800F08AF910E00E98FFF760FA02460B460020BF49FFF7D2F8FFF734FA94
S3250002CBA00FA908700AA92D200872FFE7B148807FC00700281FD0FFE7B7480021C1608160FF
S3250002CBC00E98FFF7B9F9002805D1FFE70F983730B149087305E00F993720401AAE490873E8
S3250002CBE0FFE7AD4908310520000202F015F9F1490020887700E0FFE70FA8019000780A21E7
S3250002CC000091FFF755FA00990246019830320AAB02935A720078FFF74BFA02983022114351
S3250002CC2081720F2106F0AAFEFFE7FFE7FFE7FFE7FFE716B080BDC04601D30000F14C030090
S3250002CC4004C8FF1F94C9FF1F58C8FF1FFCA9F1D24D62104000FC9F400000244080B594B00A
S3250002CC6013A9C32088707E48088012A9002008800F900E900DA908700C90DD20C0430B90C2
S3250002CC8078480A9078480990784808907848007803280FD1FFE70020069003F06DFD0698A7
S3250002CCA0492104F0D5F8069803F074FD704902200870D2E06E480078022808D1FFE7002003
S3250002CCC013A903F045FC6A4901200870C4E06848007801280DD1FFE707A90020059008707A
S3250002CCE003F0FEFB0598E94A0121D17560490870B1E05F480078002800D0ABE0E348C07D4C
S3250002CD00C007002800D0A4E05949032008705A49FF200860DD49487900018979090941180C
S3250002CD2012A801800088FFF75BF9544A544BFFF715F80022534BFFF779F81191109010988D
S3250002CD401199514A514BFFF729F9002801D1FFE719E0109A0392119B04934B484B49FEF75B
S3250002CD60EFFF024603980B460499FFF75FF80F910E900E980F99FFF77FF945490022FFF7FF
S3250002CD805AFB0C90FFE70C980021FFF7D5F800280FD1FFE70C98FFF75BF900223D4BFEF7B1
S3250002CDA02BFFFFF731F90DA9087008A92020487210E00C98FFF74CF902460B460020354942
S3250002CDC0FEF7BEFFFFF720F90DA9087008A92D204872FFE7AD48C07FC00700281FD0FFE7C6
S3250002CDE02D480021C16081600C98FFF7A5F8002805D1FFE70D9828302749487305E00D99C5
S3250002CE002820401A24494873FFE7234908310520000202F001F89D490020C87700E0FFE798
S3250002CE200DA8019000780A210091FFF741F9009902460198303208AB02939A720078FFF7A2
S3250002CE4037F9029830221143C172102106F096FDFFE7FFE7FFE7FFE7FFE714B080BDC046E8
S3250002CE6001F30000222033357478743D7431352E05C8FF1F94C9FF1F58C8FF1FFCA9F1D25B
S3250002CE804D62104000FC9F406666666666660A40845203000000E03F30CBFF1F80B588B084
S3250002CEA0014607A80170002106910078402801DCFFE775E007A80078562831DBFFE73E4836
S3250002CEC0069073480088FFF78BF8049005910698FFF7BEF8354A364BFEF740FF024604986C
S3250002CEE00B460599FFF744F800280CD1FFE70698FFF7AEF82D4A2E4BFEF730FFFFF784F85E
S3250002CF0063490880FFE7E4482D21405CC007002805D1FFE7E0492D2201208854FFE73EE0B5
S3250002CF2007A80078FFF75CF8002201921D4BFEF715FF019A1C4BFEF75FFEFFF79DF80690DD
S3250002CF40E7480088FFF74CF8029003910698FFF77FF8E14AE14BFEF701FF024602980B4628
S3250002CF600399FFF705F800280CD1FFE70698FFF76FF8D94AD94BFEF7F1FEFFF745F8D849B5
S3250002CF800880FFE7C4482D21405CC007002805D1FFE7C1492D2201208854FFE7FFE7FFE772
S3250002CFA008B080BD000012C000887840333333333393584094C9FF1F0000204180B582B0F5
S3250002CFC03F48019003F02EFA3E4803F02BFA019803F00AFA002827D0FFE7AF482D21405C02
S3250002CFE0C007002805D1FFE7AB492D2201208854FFE7BB480088002804D1FFE7B84927487A
S3250002D000088010E0B64800882249884204DCFFE7B3490020088005E0B14908881E4A8018FC
S3250002D0200880FFE7FFE700E0FFE7264803F0DCF9002827D0FFE798482D21405CC0070028DA
S3250002D04005D1FFE794492D2201208854FFE7A44800881249884204DBFFE7A149002008800D
S3250002D0600FE09F4801880E4A8918018000880B49884204DBFFE7F5490848088000E0FFE788
S3250002D080FFE700E0FFE702B080BDC04694C9FF1F54C9FF1FD603000029FCFFFF66260000A9
S3250002D0A0D703000080B582B005482821019103F000FA0199034803F0FCF902B080BDC04650
S3250002D0C066C9FF1F6CC9FF1F80B594B012A900200880119010A908700CA9FF200873D7488C
S3250002D0E00E90D7480D90D7480C906A48007805280FD1FFE700200B9003F03EFB0B98392112
S3250002D10003F0A6FE0B9803F045FB624904200870BEE06048007804280DD1FFE713A90520C4
S3250002D1200880002003F0EFF95B4901204875594903200870ABE057480078032810D1FFE711
S3250002D1405548407DC007002808D1FFE752484079534908704F490220087000E0FFE795E0EB
S3250002D1604C48007802280CD1FFE713A906200880002003F0C8F948490120487545490870FB
S3250002D18083E04448007801287DD1FFE74248407DC007002875D1FFE73F4840793F49087021
S3250002D1A03C4A05201070AC4AFF2010603C48007800020978411812A801800088FEF710FF18
S3250002D1C000220A92A54BFEF731FEFEF755FF11901198FEF73DFFA24AA24BFEF70DFD0A9A35
S3250002D1E0A14BFEF7BBFDFEF70FFF014610A801700078642826D1FFE710A8079000786421EE
S3250002D2000591FEF755FF059902460798302308931A430CAB0993DA710078FEF749FF0846B6
S3250002D2200A210691FEF744FF0699099B0246079830321A720078FEF73BFF089A0998114396
S3250002D240417219E00CA9049130200390C87110A8029000780A210191FEF72AFF0199049BDE
S3250002D2600246029830321A720078FEF721FF039A049811434172FFE70CA80D2106F07EFBD2
S3250002D28000E0FFE700E0FFE7FFE7FFE7FFE7FFE714B080BD06C8FF1F94C9FF1F65C9FF1FAE
S3250002D2A064C9FF1F80B582B0014601A801700078652801DBFFE70CE001A80078FEF790FEFC
S3250002D2C0054A064BFEF74AFDFEF79EFE5F490880FFE702B080BDC0463333333333935840A4
S3250002D2E054C9FF1F80B596B013A9002008700FA9FF200873514811905148109051480F901F
S3250002D3005148007802280FD1FFE700200D9003F033FA0D98392103F09BFD0D9803F03AFAD1
S3250002D32049490120087086E047480078012800D080E046480B900178454A0A9211704078EE
S3250002D340444A107015A90520087000200C9003F03FFE0A9A0C9814A906230B7003F038FE9E
S3250002D3600B983D4AFF211160374A022111700088FEF736FE0C9A394BFEF758FDFEF77CFE31
S3250002D3800E900E98FEF764FE354A364BFEF734FC0C9A354BFEF7E2FCFEF736FE014613A8A1
S3250002D3A001700078642826D1FFE713A80790007864210591FEF77CFE0599024607983023E7
S3250002D3C008931A430FAB0993DA710078FEF770FE08460A210691FEF76BFE0699099B0246D8
S3250002D3E0079830321A720078FEF762FE089A09981143417219E00FA9049130200390C8711F
S3250002D40013A8029000780A210191FEF751FE0199049B0246029830321A720078FEF748FE82
S3250002D420039A049811434172FFE70FA80D2106F0A5FAFFE7FFE716B080BDC0460000FFFF71
S3250002D440616C3D006E322E7607C8FF1F54C9FF1F7FC9FF1F7EC9FF1F58C8FF1F0033C3400F
S3250002D4607B14AE47E17A743F0000594080B5002000F0BEFF80BD80B5012000F0B9FF80BDFF
S3250002D48080B588B01C2002900421039102F0F4FA02980121069102F0F5FC029805F060F893
S3250002D4A0029804F00FFF1A490020079000F000FE039A07980B2104F03FFB039A07980A21C3
S3250002D4C004F03AFB0798134A0721049100F07AFF0499079B009318461A4601F075F906996B
S3250002D4E01420059006F0ACFE059806F017FE0799094A084600F0C8F90799084601F0A6FE9E
S3250002D50006990798C94301F059FE08B080BDC0460CC8FF1F1D1F0300B4C8FF1F84B00390E4
S3250002D520029103988100814840580190002000900298019909687F221140884204D8FFE76F
S3250002D5400298402803D3FFE70120009017E0019800688000C00F002810D0FFE702980199EB
S3250002D560496B490D7822114008318908491D884203D8FFE701200090FFE7FFE7FFE70098F8
S3250002D58004B0704784B00390029103988100E5484058019002991F200140012088400090B8
S3250002D5A002981F2804D8FFE700980199086303E000980199C862FFE704B0704787B00690C6
S3250002D5C006988100D6484058059006988100D548405804900122100202904020019004981D
S3250002D5E0803000900599486B12071043486300200390FFE70398029988420AD2FFE7009987
S3250002D6000398820000208850FFE70398401C0390F0E704981121C901401800900020039073
S3250002D620FFE70398019988420BD2FFE70099039882000020C0438850FFE70398401C039019
S3250002D640EFE7049A0020C1431161049A5161049A9161049A916406998A00B149895815220A
S3250002D660D201891800910390FFE7039805280AD8FFE700990398820000208850FFE7039865
S3250002D680401C0390F1E706988100A5484058552149014018009000200390FFE70398032810
S3250002D6A00BD8FFE70099039882000020C0438850FFE70398401C0390F0E7069881009848A2
S3250002D6C04058AB2109014018009000200390FFE703980B280AD8FFE70099039882000020E7
S3250002D6E08850FFE70398401C0390F1E7069881008B4840580E494018009000200390FFE7A0
S3250002D700039835280AD8FFE700990398820000208850FFE70398401C0390F1E70599486BFA
S3250002D720012212079043486307B0704770510300280F000085B00490039102920498082801
S3250002D74005D8FFE7049801900498009040E004980C2805D8FFE7092001900C20009036E066
S3250002D7600498102805D8FFE70A200190102000902CE00498142805D8FFE70B2001901420F8
S3250002D780009022E00498182805D8FFE70C2001901820009018E00498202805D8FFE70D20FF
S3250002D7A00190202000900EE00498302805D8FFE70E2001903020009004E00F2001904020B8
S3250002D7C00090FFE7FFE7FFE7FFE7FFE7FFE7FFE70398002804D0FFE7019803990860FFE767
S3250002D7E00298002804D0FFE7009802990860FFE705B0704783B0014602A8017001AA002157
S3250002D80011700078082804D8FFE7029801A9087036E002A800780938009006282ED8009884
S3250002D820810001A04058874645D802004DD8020055D802005DD8020065D802006DD8020027
S3250002D84075D8020001A90C20087018E001A91020087014E001A91420087010E001A91820BD
S3250002D86008700CE001A92020087008E001A93020087004E001A94020087000E0FFE7FFE76E
S3250002D88001A8007803B0704780B590B00F900E910D920F988100224840580C900F988100B5
S3250002D8A0204840580B9000200A900C990968C901C90F09910590049003900B98E0300290B8
S3250002D8C00C98406B400D7821084008300690099800280AD1FFE70F9800F080FA002803D05F
S3250002D8E0FFE701200A90FFE7FFE70A98002800D0DFE10C99086B0122104308630E98019029
S3250002D900032800D9C5E10198810001A04058874629D90200C9D90200F5DA02007DDC020061
S3250002D92070510300785103000E9A0C9908689207920D03231B029843801808600020089084
S3250002D940FFE70898069988423DD2FFE7002003900D98089A0C2151434058012804D1FFE7A4
S3250002D9600120C0070390FFE70D98089A0C21514340184068012813D1FFE7039801218907F6
S3250002D9800843039003980D99089A0C235343C9188968C900890808430299920088500DE090
S3250002D9A003980D99089A0C235343C9188968490589080843029992008850FFE7FFE708984A
S3250002D9C0401C0890BDE765E10E9A0C9908689207920D03231B029843801808600020079097
S3250002D9E00890FFE708980699884200D381E00020059004900D98079A0C2151434058012853
S3250002DA0004D1FFE70120C0070590FFE70D99079A0C2050434018C068012804D1FFE7012055
S3250002DA20C0030490FFE70D98079A0C21514340184068012815D1FFE705980121890708430B
S3250002DA40059005980D99079B0C225A4389188968994A1140490008430299089A9200885078
S3250002DA600EE005980D99079B0C225A43891889684905890808430299089A92008850FFE7B7
S3250002DA800D99079A0C20504340180069012817D1FFE704980121890308430490049B0D9952
S3250002DAA0079A0C2050434018406983490840C00B034302990898820088581843885010E018
S3250002DAC004980D9A079B0C215943891849694905890C43180299089882008858184388502F
S3250002DAE0FFE70798801C0790FFE70898401C089078E7CFE00E9A0C9908689207920D0323C3
S3250002DB001B02984380180860002007900890FFE708980699884200D3AFE00D98079A0C21F2
S3250002DB2051434018406801280FD1FFE70D98079A0C21514340188068400D03060299089882
S3250002DB4082008858184388500EE00D98079A0C21514340188068C008030602990898820065
S3250002DB60885818438850FFE70D99079A0C20504340180069012811D1FFE70D99079A0C2079
S3250002DB80504340184069FF2149050840430902990898820088581843885010E00D99079AE0
S3250002DBA00C20504340184069FF21C90008404303029908988200885818438850FFE70D99CA
S3250002DBC0079A0C2050434018C069012811D1FFE70D99079A0C2050434018006AFF21490535
S3250002DBE00840430B02990898820088581843885010E00D99079A0C2050434018006AFF21DF
S3250002DC00C90008404301029908988200885818438850FFE70D99079A0C2050434018806AA9
S3250002DC20012811D1FFE70D99079A0C2050434018C06AFF2149050840430D029908988200A0
S3250002DC4088581843885010E00D99079A0C2050434018C06AFF21C9000840C30802990898FA
S3250002DC608200885818438850FFE70798001D0790FFE70898401C08904AE70BE00E9A0C99EB
S3250002DC8008689207920D03231B0298438018086000E0FFE7099800280AD1FFE70F9800F0CF
S3250002DCA0F7F8002803D0FFE701200A90FFE7FFE7FFE70A9810B080BD0080FF1F84B003901B
S3250002DCC003988100DF484058029000200190009002980068C00F002823D1FFE702990868B0
S3250002DCE00122D20710430860FFE701987E4988420ED8FFE70198401C019002980068C0023F
S3250002DD00C00F002803D0FFE70020009000E0ECE701983149884203D3FFE701200090FFE7B8
S3250002DD20FFE7009804B0704710B582B0019001988100DE48405800900099486B0124620728
S3250002DD4010434863009957204301C858E407A043C8500099C8588024A043C8500099486BBF
S3250002DD609043486302B010BD84B0039003988100CE48405802900020019000900298006838
S3250002DD80C002C00F002823D0FFE7029908680122D20790430860FFE70198534988420ED8DC
S3250002DDA0FFE70198401C019002980068C002C00F002803D1FFE70020009000E0ECE701987E
S3250002DDC00549884203D3FFE701200090FFE7FFE7009804B07047C0461027000084B00390E3
S3250002DDE003988100B148405802900020019001220092029908689307184308600299086803
S3250002DE0012071043086002980068C00F002807D0FFE7029908680122D20790430860FFE748
S3250002DE20FFE70198184988420CD8FFE70198401C0190029800680001C00F002801D0FFE72F
S3250002DE4000E0EEE701981149884203D3FFE70120009016E000200190FFE701980A49884298
S3250002DE600ED8FFE70198401C019002980068C001C00F002803D0FFE70020009000E0ECE772
S3250002DE80FFE7009804B070473F4B4C00404B4C0084B00390039881008448405802900020EB
S3250002DEA00190012200920299086813079843086002990868920790430860FFE701980A49FB
S3250002DEC088420ED8FFE70198401C019002980068C001C00F002803D1FFE70020009000E01A
S3250002DEE0ECE7009804B070470F27000080B588B0079005A901910820087001200090400237
S3250002DF0004900798002100F09FF801990690069809784018039004980399FEF7C9F800995D
S3250002DF200290079800F090F801990690069809784018039004980399FEF7BAF80146029836
S3250002DF404018029002A8007808B080BD10B590B00F900EA801700D920C930F9881005348EC
S3250002DF6040580B9009A908200870012040020890002003900D98002804D0FFE70D99002019
S3250002DF800860FFE70F980021029100F05DF801460AA80170007809A90978401806900898E8
S3250002DFA00699FEF785F801460298059107900EA80078059988422FD3FFE705990E98401A1E
S3250002DFC00EA9019108700F980121009100F03CF801460AA80170007809A9097840180690F7
S3250002DFE008980699FEF764F800990246019805924902079100780599884203D3FFE70120D8
S3250002E000039008E00D98002804D0FFE70D9901200860FFE7FFE7FFE7039800280ED1FFE78D
S3250002E02007980EA90A7806995143401804900B980499401880300C990860FFE7039810B04B
S3250002E04010BDC0467051030084B00390029103988100D64840580190019800680005C00F8F
S3250002E06000281BD0FFE7029800280BD1FFE701980321890240588003800FC11C0120884063
S3250002E08000900AE00198032189024058C002800FC11C012088400090FFE702E008200090F7
S3250002E0A0FFE76846007804B07047C04670510300B0B588B00790069107988100BB48405891
S3250002E0C0059007988100BA48405804900020039005980068C00F002815D1FFE70798FFF745
S3250002E0E07DFE002803D0FFE7012003900AE00798FFF7E4FD002803D0FFE70120039000E033
S3250002E100FFE7FFE7FFE70398002837D1FFE70798FFF72AFE002803D0FFE7012003902CE036
S3250002E1200798FFF75BFE002803D0FFE70120039022E00599086801225206104308600020EE
S3250002E1400290FFE702989B4988420CD8FFE70298401C0290059800688001C00F002801D156
S3250002E160FFE700E0EEE702989349884203D3FFE701200390FFE7FFE7FFE7FFE703980028F1
S3250002E18000D085E005990868012422030192104308600798FFF712FA019B049900208862B8
S3250002E1A0049948620499C04308630499C86204998248086204990D200004814A885006985E
S3250002E1C0826A05990868D207120DE502A84380180860059908682204104308600698826AFA
S3250002E1E00599086DD207E507A843801808650599032082028858E403A04388500698826AFE
S3250002E2000599486BD207D20C9843801848630698806A01282FD1FFE70698C36A05990324A9
S3250002E220A20288589B079B0B2504A843C01888500698036B059988589B07DB0AE404A0436A
S3250002E240C018885007980699143100F013FE012803D1FFE7012003900CE00798069934315C
S3250002E26000F098FE012803D1FFE70120039000E0FFE7FFE70BE007980699143101F026F850
S3250002E280012803D1FFE701200390FFE7FFE7FFE7039800281FD1FFE706980068009007985F
S3250002E2A0FFF724FE01460098884205D8FFE706980068412803D3FFE7012003900AE006986B
S3250002E2C00068421E059908687F231A40984380180860FFE7FFE7039800284AD1FFE706985B
S3250002E2E00069022807D0FFE7059908680122520410430860FFE706984068012829D1FFE74F
S3250002E3000698806A012803D1FFE7012003901FE00599086801235A07104308600698826801
S3250002E3200599486B120712090F242406A043801848630698C26805990868D207120CDB0322
S3250002E34098438018086004990020C0438864FFE70EE00599086801225207904308600698F7
S3250002E360C068012803D1FFE701200390FFE7FFE7FFE70398002816D1FFE705990868012263
S3250002E38092041043086007980699096900F090FE002803D0FFE70120039003E00798FFF7E9
S3250002E3A0C3FCFFE7FFE7039808B0B0BD70510300785103000F2700001027000007001B00EB
S3250002E3C0FC0A000083B002900191009201980F2801D3FFE709E0009802998A01F949891832
S3250002E3E0019A920089184860FFE703B07047C04680B590B00F900F988100EB4840580890AA
S3250002E4000F988100E94840580790089800687F210840401C06900798016A0F988200E4482B
S3250002E42081500F99890040580E900E980F998A00E049895808400E900E9807990862079885
S3250002E440DD4A80580D900D99079857235B01C05808400D21090408400D900D980799885060
S3250002E4600798D64A80580C900C9907980B231B02C05808400321090408400C900C98079919
S3250002E48088500798006B0B900798816A0B9808400B900798C06A0A900798416A0A98084050
S3250002E4A00A900B98002800D197E00698212803D3FFE72020029002E006980290FFE70298A0
S3250002E4C0059000200490FFE704980599884200D382E00B980499C840C007002877D0FFE768
S3250002E4E0089800688000C00F002853D0FFE7049807284FD8FFE70498052816D1FFE70F9877
S3250002E5008101B0484018006A002807D0FFE70F988101AC484018006A804705E00799886AB5
S3250002E520202290438862FFE7FFE70498062816D1FFE70F988101A3484018406A002807D05C
S3250002E540FFE70F9881019F484018406A804705E00799886A402290438862FFE7FFE70498F6
S3250002E560072816D1FFE70F98810196484018806A002807D0FFE70F98810192484018806A24
S3250002E580804705E00799886A802290438862FFE7FFE716E00F9881018A484058002807D082
S3250002E5A0FFE70F988101874841580498884707E00498012282400799886A90438862FFE7D4
S3250002E5C0FFE704990120884007990863FFE7FFE70498401C049077E7FFE7069821283AD32C
S3250002E5E0FFE70A98002835D0FFE706982038059000200390FFE703980599884229D2FFE770
S3250002E6000A980399C840C007002818D0FFE70F9881016C484058002808D0FFE70F9881016B
S3250002E6206848415803982030884707E00398012282400799886A90438862FFE7FFE70399B1
S3250002E640012088400799C862FFE70398401C0390D1E7FFE7FFE700200990FFE7099809289A
S3250002E6602FD8FFE70E9809998A0055498958084222D0FFE70F9881015248401809998900EC
S3250002E6804018406800280AD0FFE70F9881014D484018099989004018406880470BE00F98F0
S3250002E6A0099900230093012200F08EF8002801D0FFE7FFE7FFE7FFE7FFE70998401C099054
S3250002E6C0CCE70A200990FFE709980C282FD8FFE70D9809998A003A498958084222D0FFE7BD
S3250002E6E00F98810137484018099989004018406800280AD0FFE70F98810132484018099962
S3250002E70089004018406880470BE00F98099900230093012200F058F8002801D0FFE7FFE78F
S3250002E720FFE7FFE7FFE70998401C0990CCE70D200990FFE709980E282FD8FFE70C98099920
S3250002E7408A001F498958084222D0FFE70F9881011C484018099989004018406800280AD0AA
S3250002E760FFE70F98810117484018099989004018406880470BE00F980999002300930122CC
S3250002E78000F022F8002801D0FFE7FFE7FFE7FFE7FFE70998401C0990CCE70F988200044931
S3250002E7A00020885010B080BD7051030078510300D8C9FF1FE0C9FF1FFC0A0000080B00002D
S3250002E7C0F4500300E8C9FF1F70B58AB00E9C099008910792069309988100264840580590F1
S3250002E7E0099881002448405804900020039005980068C001C00F0290029800280AD1FFE7FA
S3250002E8000998FFF7EBFA002803D0FFE701200390FFE7FFE70398002800D0EBE10898019083
S3250002E820102800D9D6E10198810001A040588746B3E80200B3E8020009E9020009E90200C6
S3250002E84077E9020077E90200CDE9020023EA020023EA020023EA020051EA020051EA02008D
S3250002E86051EA0200A1EA0200A1EA02007DE80200D7EA0200705103007851030007980028B8
S3250002E8800BD1FFE7069A0499886A104388620E9A0499486A104348620AE0069A0499886A35
S3250002E8A0904388620E9A0499486A90434862FFE791E10798002813D1FFE708988100D148FC
S3250002E8C04258049948681043486008988100CE48435809988200C94988581843885012E042
S3250002E8E008988100C7484258049948689043486008988100C448435809988200BF498858AB
S3250002E90098438850FFE766E10798002819D1FFE70599086801225205104308600898810014
S3250002E920B8484258049948681043486008988100B548435809988200B04988581843885005
S3250002E94018E005990868012252059043086008988100AC48425804994868904348600898DD
S3250002E9608100A948435809988200A449885898438850FFE72FE10798002813D1FFE70898B8
S3250002E9808100A04842580499486B10434863089881009D484358099882009849885818433E
S3250002E9A0885012E008988100964842580499486B9043486308988100934843580998820064
S3250002E9C08E49885898438850FFE704E10798002813D1FFE7089881008A48425804990868CF
S3250002E9E010430860089881008748435809988200824988581843885012E0089881008148EC
S3250002EA0042580499086890430860089881007E484358099882007949885898438850FFE72C
S3250002EA20D9E00798002809D1FFE708988100754842580499886A1043886208E00898810041
S3250002EA40704842580499886A90438862FFE7C2E00599486B01235A0710434863059957209F
S3250002EA6042018858DB0798438850079800280BD1FFE708988100634843580499572042018F
S3250002EA808858184388500AE0089881005D484358049957204201885898438850FFE79AE0C6
S3250002EAA0079800280BD1FFE7089881005548435804990B2002028858184388500AE0089803
S3250002EAC081005048435804990B200202885898438850FFE77FE0079800283ED1FFE704997D
S3250002EAE0886A0020C043886204994A6A48620499486833229202104348600499486B03236D
S3250002EB009A07104348630599486B01225407204348630599572044010859D507A843085196
S3250002EB20049908590D252D0428430851059908689406204308600599086852051043086015
S3250002EB4004990B20020288581B0418438850099882002A492A4888503BE00499886A002005
S3250002EB60886204994A6A4862049A516833239B0299435160049A516B0324A3079943516316
S3250002EB80059A516B01235D0729435163059A57214D015159DE07B1435151049A51590D2665
S3250002EBA03604B1435151059A11689D06A9431160059A11685B0599431160049A0B210B02C9
S3250002EBC0D1582404A143D15009998A000B498850FFE700E0FFE7029800280AD1FFE70998AF
S3250002EBE0FFF756F9002803D0FFE701200390FFE7FFE7FFE703980AB070BDC046E0C9FF1F32
S3250002EC0007001B0034510300F450030080B58CB00B900A910B9881005548405809900998C1
S3250002EC2080300490049800680003000FFEF7E2FD014605A80170007802900B980021FFF775
S3250002EC4003FA01460298884207DDFFE70B980021FFF7FAF905A90870FFE705980A994822D7
S3250002EC608854049800680A990860049800688002C00F002808D0FFE70498406807214907AA
S3250002EC8088430A99486006E004984068C000400D0A994860FFE705A80078800807A9087019
S3250002ECA008A900200870FFE708A8007807A90978884233DAFFE7049808A901910A78920014
S3250002ECC080188068000E0A9A0B789B00D218107204980A78920080188068000C0A9B0A780D
S3250002ECE09200D218507204980A78920080188068000A0A9B0A789200D218907204980A78D1
S3250002ED009200801880680A9A097889008918C872FFE70898401C08A90870C5E704980830C5
S3250002ED2003900798800008A90870FFE708A8007805A90978884218DAFFE708AA11783C2377
S3250002ED400846184003231940401AC01C06A9087003980978405C0A99127889180872FFE743
S3250002ED600898401C08A90870E0E70CB080BDC04678510300B0B58EB0059101460598129C09
S3250002ED800D910CA908700B920A93002006900D98097809AA08ABFFF7D9F8012803D1FFE77A
S3250002EDA00120069035E00D980CA90978FEF7B6FB012803D1FFE70120069029E00898006853
S3250002EDC00001000F0790079800280BD0FFE70798082807D0FFE70798092803D0FFE70220C5
S3250002EDE0069014E00D980CA904910978FEF7CAFB04990D9809780B9A0A9B129C00250295E0
S3250002EE000C250195009400F0EBFA0690FFE7FFE7FFE706980EB0B0BD80B584B0039002911A
S3250002EE20114800780E2805DCFFE70F490878401C087003E00C490A200870FFE703980521CF
S3250002EE400902884204D1FFE708490120087200E0FFE705480178039B02980090044A00206C
S3250002EE60FFF788FF04B080BD08C8FF1F30CBFF1F3CC9FF1F10B586B00590049105988100AF
S3250002EE80F0484058039003980068C001C00F029000200190029800280AD1FFE70598FEF71C
S3250002EEA09DFF002803D0FFE701200190FFE7FFE70198002855D1FFE704980068002814D072
S3250002EEC0FFE70498406800280FD0FFE70498806800280AD0FFE70498C068002805D0FFE700
S3250002EEE004980069002803D1FFE70120019037E004980068421E0399086D9206120C3F23CD
S3250002EF009B0298438018086504988068421E0399086D1F231A4098438018086504984068B7
S3250002EF20421E0399086DD206920D5C01A043801808650498C068421E0399086D9205520876
S3250002EF40134C20408018086504980069421E0399086DD206D20A1B04984380180865FFE7D6
S3250002EF60FFE7019800280FD1FFE7029800280AD1FFE70598FEF78CFF002803D0FFE701207A
S3250002EF800190FFE7FFE7FFE7019806B010BDC046FFFF1F80B0B586B0059004910598810084
S3250002EFA0C9484058039003980068C001C00F029000200190029800280AD1FFE70598FEF722
S3250002EFC00DFF002803D0FFE701200190FFE7FFE70198002864D1FFE704980068002814D0D2
S3250002EFE0FFE70498406800280FD0FFE70498806800280AD0FFE70498C068002805D0FFE7DF
S3250002F00004980069002803D1FFE70120019046E0049803680399244A00928858DB065B0C5E
S3250002F0201F24A402A043C018885004988068431E0399885807242340A043C018885004982E
S3250002F0404068431E039988585B071B0EE025A843C01888500498C068431E039988589B05B7
S3250002F0609B08124D2840C018885004980069431E039988585B075B0B2404A043C018885009
S3250002F080029800280AD1FFE70598FEF701FF002803D0FFE701200190FFE7FFE7FFE7FFE728
S3250002F0A0019806B0B0BDC046040C0000FFFF0FC080B586B00590049105988100C74840584F
S3250002F0C003900020029003980068C001C00F0190019800280AD1FFE70598FEF77FFE002806
S3250002F0E003D0FFE701200290FFE7FFE70298002861D1FFE70498009004284CD80098810061
S3250002F10001A040588746C0461DF102003FF1020057F1020087F1020089F10200039948680D
S3250002F12008229043486003994868012213039843486003990868D205904308602CE0039954
S3250002F140486808221043486003994868012212039043486020E003994868082290434860E2
S3250002F1600399486801231A0310434860039908685A04904308600399032082028858DB0359
S3250002F1809843885008E007E0039908680122D2071043086000E0FFE7049803280AD0FFE7D5
S3250002F1A00598FEF775FE002803D0FFE701200290FFE7FFE7FFE7029806B080BD80B586B004
S3250002F1C00590049105988100844840580390059881001D4840580290002001900398006887
S3250002F1E0C001C00F0090009800280AD1FFE70598FEF7F4FD002803D0FFE701200190FFE76A
S3250002F200FFE7019800281AD1FFE7039800688000C00F002804D0FFE7049802998864FFE731
S3250002F220009800280AD1FFE70598FEF731FE002803D0FFE701200190FFE7FFE7FFE70198A6
S3250002F24006B080BD705103007851030080B586B00590049105988100604840580390039802
S3250002F2600068C001C00F029000200190029800280AD1FFE70598FEF7B1FD002803D0FFE7A7
S3250002F28001200190FFE7FFE70198002819D1FFE7049A03990868D207D20B01231B049843D9
S3250002F2A080180860029800280AD1FFE70598FEF7EFFD002803D0FFE701200190FFE7FFE7E6
S3250002F2C0FFE7019806B080BD7051030010B586B00590049105988100ED484058039000202D
S3250002F2E0029003980068C001C00F0190019800280AD1FFE70598FEF771FD002803D0FFE7ED
S3250002F30001200290FFE7FFE70298002863D1FFE704980068002814D0FFE704984068002828
S3250002F3200FD0FFE70498806800280AD0FFE70498C068002805D0FFE704980069002803D1EC
S3250002F340FFE70120029045E004980068421E0399486807231A409843801848600498806814
S3250002F360421E039948685207520B1C04A0438018486004984068421E039948685207920AFB
S3250002F380DB049843801848600498C068000603994B68FF2212069343C0188018486004988F
S3250002F3A00069421E039948689207120A03239B05984380184860019800280AD1FFE705987B
S3250002F3C0FEF766FD002803D0FFE701200290FFE7FFE7FFE7FFE7029806B010BD70510300C0
S3250002F3E0B0B590B00C4601461698159D149D0F910EA90C700D920C930BAA10700F98820047
S3250002F400A34880580A90002001900F98097804AA03ABFEF79BFD012803D1FFE70120019030
S3250002F42033E10D980079412803D3FFE7012001902AE10398083002900F980EA90978FEF777
S3250002F4406DF8012803D1FFE7012001901BE10A9800680005C00F00280FD0FFE70D98406995
S3250002F460012809D1FFE70A990320820288580123DB0718438850FFE7FFE70D9800790090BE
S3250002F4800F980499FEF7E0FD01460098884203DDFFE701200190F5E00D98007906A905AADC
S3250002F4A0FEF748F9149800286ED0FFE70D980079800808A9087009A900200870FFE709A866
S3250002F4C0007808A90978884218DAFFE7149809A909788A008118805C00064B781B04C0183A
S3250002F4E08B781B02C018C9784018039989188860FFE70998401C09A90870E0E7089880005A
S3250002F50009A90870FFE709A800780D990979884217DAFFE709A90A783C231046184003237A
S3250002F5201A40801AC01C07AA107014980978405C029912788854FFE70998401C09A90870EB
S3250002F540E1E70D98007909A90870FFE709A8007805A90978884216DAFFE709A801783C222D
S3250002F5600846104003221140401AC01C07AA10700D98007C029912788854FFE70998401C03
S3250002F58009A90870E2E7FFE703990020086003994860069A039908681207120B0F231B04EF
S3250002F5A09843801808600D980068012818D1FFE70C98394B1840039948600B9A03994868AE
S3250002F5C05207184080184860039908680122530518430860039908689205904308601DE00D
S3250002F5E00C9A039948685205D2082A4B1840801848600B9A03994868520707235B07984322
S3250002F6008018486003990868012253059843086003990868920590430860FFE70D98806887
S3250002F620012807D1FFE7039908680122120510430860FFE7039908680F2212069043086064
S3250002F6400D98C068012807D1FFE7039908680122D20710430860FFE70D98426903990868E9
S3250002F660D207520801239B07984380180860159A03990868120712090F231B0698438018F9
S3250002F6800860FFE7FFE7FFE7FFE7019810B0B0BD70510300FFFF03E0FFFFFF1F0A48006821
S3250002F6A0C00F002805D0FFE75B20000606490860FFE7054908680122530298430860086889
S3250002F6C0D2071043086070471C40064080B58AB00990089109988008079007988100CB48A1
S3250002F6E04058069000200590012004900998001F0390832800D982E10398810001A04058DB
S3250002F7008746C04615F90200FFF90200FFF90200FFF9020015F90200FFF90200FFF902000C
S3250002F720FFF9020015F90200FFF90200FFF90200FFF9020015F90200FFF90200FFF90200C5
S3250002F740FFF9020015F90200FFF90200FFF90200FFF9020015F90200FFF90200FFF90200A5
S3250002F760FFF902006DF90200FFF90200FFF90200FFF902006DF90200FFF90200FFF90200D5
S3250002F780FFF9020015F90200FFF90200FFF90200FFF9020015F90200FFF90200FFF9020065
S3250002F7A0FFF9020015F90200FFF90200FFF90200FFF9020015F90200FFF90200FFF9020045
S3250002F7C0FFF9020015F90200FFF90200FFF90200FFF9020015F90200FFF90200FFF9020025
S3250002F7E0FFF9020015F90200FFF90200FFF90200FFF9020015F90200FFF90200FFF9020005
S3250002F800FFF9020015F90200FFF90200FFF90200FFF9020015F90200FFF90200FFF90200E4
S3250002F820FFF90200FFF90200FFF90200FFF90200FFF90200FFF90200FFF90200FFF90200F0
S3250002F840FFF90200FFF90200FFF90200FFF90200FFF90200FFF90200FFF90200FFF90200D0
S3250002F860FFF90200FFF90200FFF90200FFF90200FFF9020015F90200FFF90200FFF902009A
S3250002F880FFF9020015F90200FFF90200FFF90200FFF9020015F90200FFF90200FFF9020064
S3250002F8A0FFF9020015F90200FFF90200FFF90200FFF9020015F90200FFF90200FFF9020044
S3250002F8C0FFF90200FFF90200FFF90200FFF90200FFF90200FFF90200FFF90200FFF9020050
S3250002F8E0FFF90200FFF90200FFF90200FFF90200FFF90200FFF90200FFF90200FFF9020030
S3250002F900FFF90200FFF90200A1F90200B7F90200DBF90200069800680005000F401C0490BD
S3250002F920069800684006400F401E029003281BD80298810001A040588746C0464DF90200A7
S3250002F94055F902005DF9020063F902007D20000205900AE00120C003059006E03B48059004
S3250002F96003E00898059000E0FFE749E0069800680005000F401C0490069800684006400FD3
S3250002F9800190012804D0FFE70198022803D005E02E48059003E00898059000E0FFE72FE078
S3250002F9A0344800680005000F401C0490089800F02FF8059024E02F4801680905090F491C9C
S3250002F9C0049100680006000F401C049948430490089800F01DF8059012E0264801680905E4
S3250002F9E0090F491C049100680F210840401C049948430490089800F00BF8059000E0FFE707
S3250002FA0005980499FCF754FB0AB080BDE851030082B0019000200090164800684003400F64
S3250002FA20022803D1FFE7019800900BE0114800684003400F012803D1FFE70448009000E0D4
S3250002FA40FFE7FFE7009802B07047C0460090D00381B0084800684003400F012803D1FFE70A
S3250002FA600120009002E000200090FFE7009801B07047C0460840064086B0059004910598C4
S3250002FA808008039003988100B84840580290002001900598001F00906C2800D960E10098BA
S3250002FAA0810001A0405887465DFC020061FD020061FD020061FD02005DFC020061FD020081
S3250002FAC061FD020061FD02005DFC020061FD020061FD020061FD02005DFC020061FD020028
S3250002FAE061FD020061FD02005DFC020061FD020061FD020061FD02005DFC020061FD020008
S3250002FB0061FD020061FD020093FC020061FD020061FD020061FD020093FC020061FD02007B
S3250002FB2061FD020061FD02005DFC020061FD020061FD020061FD02005DFC020061FD0200C7
S3250002FB4061FD020061FD02005DFC020061FD020061FD020061FD02005DFC020061FD0200A7
S3250002FB6061FD020061FD02005DFC020061FD020061FD020061FD02005DFC020061FD020087
S3250002FB8061FD020061FD02005DFC020061FD020061FD020061FD02005DFC020061FD020067
S3250002FBA061FD020061FD02005DFC020061FD020061FD020061FD020005FD020061FD02009E
S3250002FBC061FD020061FD020061FD020061FD020061FD020061FD020061FD020061FD02001D
S3250002FBE061FD020061FD020061FD020061FD020061FD020061FD020061FD020061FD0200FD
S3250002FC0061FD020061FD020061FD020061FD020061FD020061FD02005DFC020061FD0200E1
S3250002FC2061FD020061FD02005DFC020061FD020061FD020061FD02005DFC020061FD0200C6
S3250002FC4061FD020061FD02005DFC020061FD020061FD020061FD02005DFC02000298006804
S3250002FC60C00F002805D0FFE702995B2000060860FFE7049A029908685207520E7023984390
S3250002FC8080180860029908680122D2071043086069E002980068C00F002805D0FFE7029902
S3250002FCA05B2000060860FFE70498032808D1FFE702990868102210436022904308601AE0A0
S3250002FCC00498042808D1FFE702990868202210435022904308600DE00498002806D1FFE7DA
S3250002FCE00299086870229043086002E001200190FFE7FFE7FFE7029908680122D207104384
S3250002FD00086030E002980068C00F002805D0FFE702995B2000060860FFE7049803280AD1A3
S3250002FD20FFE7049A029908685207520E70239843801808600DE00498002806D1FFE70299FC
S3250002FD40086870229043086002E001200190FFE7FFE7029908680122D2071043086002E05A
S3250002FD6001200190FFE7019806B07047E851030080B584B003900291019200200090404847
S3250002FD800068C00F002805D0FFE75B2000063C490860FFE7029A3A490868D207920F0223BF
S3250002FDA0984380180860FFF753FE002807D1FFE7334908680122D2071043086045E0039ACE
S3250002FDC023490868D207520F0423984380180860019B086801221340D2431040C0180860DC
S3250002FDE0086802231843086025490868104008600198002815D1FFE700F0A6FA204801681F
S3250002FE000122114301600168D207114301600068C003C00F002803D0FFE701200090FFE799
S3250002FE2009E0174908680122104308600868D20710430860FFE70098002805D1FFE7042099
S3250002FE4000F006FA0090FFE7FFE7009804B080BD184006400A480068C00F002805D0FFE7BB
S3250002FE605B20000606490860FFE70549086801225302984308600868D20710430860704728
S3250002FE801440064085B00490039104988008029002988100BF48405801900498001F009017
S3250002FEA0832800D973E10098810001A040588746C10003008F0103008F0103008F010300C6
S3250002FEC0C10003008F0103008F0103008F010300C10003008F0103008F0103008F01030020
S3250002FEE0C10003008F0103008F0103008F010300C10003008F0103008F0103008F01030000
S3250002FF00C10003008F0103008F0103008F010300C10003008F0103008F0103008F010300DF
S3250002FF20C10003008F0103008F0103008F010300C10003008F0103008F0103008F010300BF
S3250002FF40C10003008F0103008F0103008F010300C10003008F0103008F0103008F0103009F
S3250002FF60C10003008F0103008F0103008F010300C10003008F0103008F0103008F0103007F
S3250002FF80C10003008F0103008F0103008F010300C10003008F0103008F0103008F0103005F
S3250002FFA0C10003008F0103008F0103008F010300C10003008F0103008F0103008F0103003F
S3250002FFC0C10003008F0103008F0103008F0103008F0103008F0103008F0103008F01030050
S3250002FFE08F0103008F0103008F0103008F0103008F0103008F0103008F0103008F01030061
S325000300008F0103008F0103008F0103008F0103008F0103008F0103008F0103008F0103003F
S32500030020C10003008F0103008F0103008F010300C10003008F0103008F0103008F010300BD
S32500030040C10003008F0103008F0103008F010300C10003008F0103008F0103008F0103009D
S32500030060C10003008F0103008F0103008F0103008F0103008F0103008F0103008F010300AE
S325000300808F0103008F0103008F0103008F0103008F0103008F0103008F0103008F010300BF
S325000300A08F0103008F0103008F0103008F0103008F010300F90003002D0103005F010300C8
S325000300C001980068C00F002805D0FFE701995B2000060860FFE7039A019908681207120D1C
S325000300E00F231B02984380180860019908680122D207104308604BE054480068C00F0028E6
S3250003010005D0FFE75B20000650490860FFE74F4908680F2212029043039A12021043086027
S3250003012008680122D2071043086031E047480068C00F002805D0FFE75B2000064349086060
S32500030140FFE742490868F0229043039A12011043086008680122D2071043086018E03B48C3
S325000301600068C00F002805D0FFE75B20000637490860FFE7354908680F229043039A10432B
S32500030180086008680122D2071043086000E0FFE705B07047E851030080B582B00190002041
S325000301A000900198012823D1FFE7032000F050F8002803D0FFE70120009018E02348006852
S325000301C0C00F002805D0FFE75B2000061F490860FFE71E490868072212049043012213040A
S325000301E0C01808600868D20710430860FFE72AE00198002823D1FFE7042000F029F80028CA
S3250003020003D0FFE70120009018E010480068C00F002805D0FFE75B2000060C490860FFE7DD
S325000302200A49086807221204904301225304C01808600868D20710430860FFE702E0012039
S325000302400090FFE7FFE7009802B080BD0C40064084B0039000200290012001900398401EFC
S325000302600090032860D80098810001A04058874681020300D5020300AB020300FF0203004F
S32500030280FFE702982B4988420ED8FFE70298401C02902C4800684007C00F002803D0FFE770
S325000302A00020019000E0ECE741E0FFE70298214988420ED8FFE70298401C029020480068D8
S325000302C0C003C00F002803D0FFE70020019000E0ECE72CE0FFE70298164988420ED8FFE7BD
S325000302E00298401C0290154800688005C00F002803D0FFE70020019000E0ECE717E0FFE732
S3250003030002980C4988420ED8FFE70298401C029009480068C003C00F002803D0FFE700207B
S32500030320019000E0ECE702E000200190FFE7019804B070479F860100144006400080024071
S325000303401C40064004D0074080B584B00C480290002101910B4909680905090F491C0391F1
S325000303600399FBF7A5FE401C0290FFE70198411C01910299884201D2FFE7F7E704B080BDFA
S32500030380AC0D00000840064080B586B06020009004210491FFF770FB009801F093FF0499BF
S325000303A064200190FFF768FB019801F08BFF049968200290FFF760FB029801F083FF049900
S325000303C06C200390FFF758FB039801F07BFF049970200590FFF750FB059801F073FF7C2007
S325000303E001F070FF06B080BD82B00090009800280FD0FFE700984078C007002807D0FFE75E
S3250003040000990020487001A90120087006E0FFE700E0FFE701A900200870FFE701A8007844
S3250003042002B0704781B000900098002818D0FFE700980078C007002801D0FFE70FE00099BD
S325000304404888401C4880009948888988884204DBFFE700998888488000E0FFE7FFE700E099
S32500030460FFE701B0704781B00090009800281DD0FFE700980078C007002807D0FFE700997C
S32500030480002008700099012048700EE0009948888988884204DBFFE700990120487000E000
S325000304A0FFE7009900204880FFE700E0FFE701B0704782B0019068460180019800280CD029
S325000304C0FFE70199012008700199002048700199488000980199888000E0FFE702B07047BD
S325000304E080B584B00390029103980299012200920023019301F07EF90099019A039801F09A
S3250003050057F904B080BD80B584B0039002910398029901220192002301F06CF9019A039867
S32500030520114601F045F904B080BD80B584B0039002910192039802990222002301F05AF958
S325000305400398019901231A4601F054F904B080BD80B582B0019000910198009902220023A8
S3250003056001F07EF901980099891C01231A4601F077F902B080BD80B586B001920246019880
S325000305800592049103AA02921070059804991278002301F065F9029A05980499127889182E
S325000305A001231A4601F05CF906B080BD80B588B03A4801F029FA032002900221049101F014
S325000305C0F1F9029804990122069201F0B5FA0298049A114601F0E8FA029804990022039246
S325000305E000F074F8029804990922019201F06CFA0499084601F0D6F90499069A084601F023
S325000306009BFA049A1046114601F0CEFA039A0499084600F05BF8019A0499084601F054FAA8
S325000306200299049801F0BEF902990498069A01F083FA0299049A104601F0B6FA0299039A25
S32500030640049800F043F8019A0299049801F03CFA04980821059101F0A5F904980599069A0D
S3250003066001F06AFA029A0498059901F09DFA039A0498059900F02AF8049805990A2201F07E
S3250003068023FA06991E20079003F06AFD079803F005FD1F2003F002FD08B080BD4D1C030040
S325000306A084B003900291039881001F4840580190019800690090029801218140009808403C
S325000306C000900098411E884104B0704785B00490039102920498810013484058019001982B
S325000306E04069009003980121814000988843009002990398814000980843009000980199AB
S32500030700486105B07047C04683B002900191029881000548405800900199012088400099B2
S32500030720486003B07047C0468051030080B5002000F06CF980BD80B5012000F067F980BDFA
S3250003074080B501200C2100F007F880BD80B50120042100F001F880BD83B00290019102984F
S325000307608100A8484058009001988100A64840580099C86503B0704782B00190019881002A
S325000307808348405800900099886801229043886002B0704782B00190019881007C48405854
S325000307A000900099886801221043886002B0704710B583B0029001910298810074484058C5
S325000307C00090019802680099486C03242240E343184080184864019842680099886C2240B3
S325000307E018408018886403B010BDC04684B003900291039881008348405800900098006E1F
S32500030800029901228A401040C8400190019804B07047C04684B003900291039881005C483A
S3250003082040580190029842680199C8689207120EC02398438018C86002984068401E009011
S3250003084005285DD80098810001A040588746C046690803008F080300B5080300010903002D
S3250003086001090300DB0803000199C86A494A1040C030C8620199086B1040C730086301995A
S32500030880486D01221043FE229043486539E00199486B404A1040283048630199886B104064
S325000308A02F3088630199486D01221043FE229043486526E00199C86B364A1040801DC86315
S325000308C00199086C1040103008640199886D01221043FE229043886513E00199486B2D4A69
S325000308E01040093048630199886B1040113088630199486D02221043FD229043486500E06D
S32500030900FFE702980068002821D1FFE70199C86801231843C8600199C86802221043C8600C
S32500030920029882680199C868D207520D9B0298438018C86002980069401E41424841820001
S325000309400199C868042398438018C8601EE00199C86801239843C8600199C8680222904352
S32500030960C860029882680199C868D207920D5B0298438018C8600298C2680199886A064BE7
S325000309801A40064B184080188862FFE704B07047D05103000000FFFFFF03000000FCFFFF5A
S325000309A083B00290019100920098029938224A43FA498918019A9200885003B07047C046D2
S325000309C084B003900291019203988100FD48405800900198002809D1FFE702988100EE48C6
S325000309E042580099C8699043C86108E002988100E94842580099C8691043C861FFE704B0E0
S32500030A007047C046D85103009451030080B584B0039003988100DF48405801900398810078
S32500030A20E848405800900098C06D02900098C16902980840029002980099C8650298D649AF
S32500030A400968084216D0FFE7039838214143D3484058002807D0FFE7039838214143CF4867
S32500030A604058804705E00199C86901229043C861FFE7FFE70298C8494968084218D0FFE7FF
S32500030A80039838214143C54840184068002808D0FFE7039838214143C0484018406880479B
S32500030AA005E00199C86902229043C861FFE7FFE70298B9498968084218D0FFE703983821F8
S32500030AC04143B64840188068002808D0FFE7039838214143B14840188068804705E001996E
S32500030AE0C86904229043C861FFE7FFE70298AA49C968084218D0FFE7039838214143A74891
S32500030B004018C068002808D0FFE7039838214143A2484018C068804705E00199C8690822E3
S32500030B209043C861FFE7FFE702989B490969084218D0FFE7039838214143984840180069C3
S32500030B40002808D0FFE7039838214143934840180069804705E00199C86910229043C861ED
S32500030B60FFE7FFE702988C494969084218D0FFE7039838214143894840184069002808D01D
S32500030B80FFE7039838214143844840184069804705E00199C86920229043C861FFE7FFE7A0
S32500030BA002987D498969084219D0FFE70398382141437A4840188069002808D0FFE70398C5
S32500030BC038214143754840188069804706E00199C869012292059043C861FFE7FFE702989D
S32500030BE06D49C969084219D0FFE70398382141436A484018C069002808D0FFE70398382166
S32500030C00414366484018C069804706E00199C8690122D2059043C861FFE7FFE702985E499D
S32500030C20096A084219D0FFE70398382141435B484018006A002808D0FFE7039838214143E4
S32500030C4056484018006A804706E00199C869012212069043C861FFE7FFE702984E49496ACC
S32500030C60084219D0FFE70398382141434B484018406A002808D0FFE7039838214143474858
S32500030C804018406A804706E00199C869012252069043C861FFE7FFE702983F49896A08422F
S32500030CA019D0FFE70398382141433C484018806A002808D0FFE703983821414337484018E9
S32500030CC0806A804706E00199C869012292069043C861FFE7FFE702982F49C96A084219D0AE
S32500030CE0FFE70398382141432C484018C06A002808D0FFE703983821414328484018C06A47
S32500030D00804706E00199C8690122D2069043C861FFE7FFE702982049096B084219D0FFE7FF
S32500030D200398382141431D484018006B002808D0FFE703983821414318484018006B8047C2
S32500030D4006E00199C869012292079043C861FFE7FFE702981049496B084219D0FFE70398FA
S32500030D60382141430D484018406B002808D0FFE703983821414309484018406B804706E0D6
S32500030D800199C8690122D2079043C861FFE7FFE704B080BDD05103009451030068CAFF1F6E
S32500030DA083B00290019102988100284840580090019840020121090240180099086203B00A
S32500030DC07047C046D851030080B584B0002001900C21FFF7C1FC01981549087003A9029179
S32500030DE0087000F081FF019800F024F80299087004B080BD84B00390029101A90A70039840
S32500030E00820012488058009002984002097840180099086204B0704780B500200421FFF7F2
S32500030E209BFC03490120087000F086FF80BDC046B0C8FF1F82B0019001988100034840581F
S32500030E4000900098006AC0B202B07047D851030083B0029001910298810007484058009007
S32500030E60019A0099486A054B1A40054B18408018486203B07047C046D0510300FF03000059
S32500030E8000FCFFFF80B58AB04020019004210591FEF7F2FD019801210791FEF7F3FF01987D
S32500030EA001F05EFB019801F00DFA0020089002210322009200F040FE009A0898114600F00D
S32500030EC03BFE08983B4A0C210491FFF769FD0499079A0898FFF774FD05990898364AFFF794
S32500030EE05FFD0599079A0898FFF76AFD0898FFF743FC08983149FFF78DFC08983049069133
S32500030F00FFF756FC01990898FFF7A2FF0898FFF741FC08990520039003F05AF9039803F0AF
S32500030F20DDF8059944200290FEF7A6FD07990298FEF7A8FF029801F013FB029801F0C2F9F2
S32500030F40039A0899084600F0F7FD039A0799089800F0F2FD049907981A4AFFF721FD04990B
S32500030F60079A1046FFF72CFD05990798164AFFF717FD0599079A1046FFF722FD0798FFF76C
S32500030F80FBFB07981149FFF745FC06990798FFF70FFC07987721FFF75BFF0798FFF7FAFBD2
S32500030FA008990620099003F013F9099803F096F80AB080BDC90D0300190E030014C9FF1FB2
S32500030FC0E0510300410703004D07030028C9FF1F80B584B0039002910192039802990122A8
S32500030FE00092002300F006FC009B039801991A4600F000FC04B080BD80B584B038480078D3
S32500031000C007002865D1FFE736480078012805DCFFE734490878401C087059E031480078DB
S3250003102002280FD1FFE72F490320087000200390FFF7A2FB03986821FFF70AFF0398FFF7AA
S32500031040A9FB44E027480078032805DCFFE725490878401C087039E022480078042833D1F9
S32500031060FFE72049042008701F4800780B2811D8FFE71D4802900078062141431B484018C6
S32500031080811C021D0020FFF750FA02990878401C087018E0144800780C2812D1FFE7124918
S325000310A00D20087000200190FFF766FB01986821FFF7CEFE0198FFF76DFB094901200870B4
S325000310C000E0FFE7FFE700E0FFE7FFE7FFE7FFE700E0FFE7024800780121084004B080BD00
S325000310E081C9FF1F83C9FF1F82C9FF1F764D030080B59EB01DA9002008801CA90870C348AD
S325000311000078002851D1FFE702200521FFF7C8FA01282CD1FFE7C2480088002827D0FFE77B
S32500031120C0480088C82806DBFFE7BF4802F0F7FB03F0C2F8FFE7BA480188491E01800088E6
S32500031140002813D1FFE7B1490878401C0870B7490120087000200990FFF70EFB09986821CB
S32500031160FFF776FE0998FFF715FBFFE7FFE702200521FFF795FA002816D1FFE7A84928208E
S325000311800880A8490888401C088080B2C82803DBFFE7C820089003E0A24800880890FFE720
S325000311A00898A0490880FFE723E198480078022805DCFFE795490878401C087018E19348DC
S325000311C0007803281BD1FFE7052080011DA9069108801CAA07922020107000200590FFF73C
S325000311E0A4F905980699079A02230B8043231370FFF79BF985490878401C0870F7E0834885
S325000312000078052805DCFFE780490878401C0870ECE07E480078062810D1FFE70020049089
S32500031220FFF7AAFA04986821FFF712FE0498FFF7B1FA76490878401C0870D6E073480078A7
S32500031240082805DCFFE771490878401C0870CBE06E480078092800D0C5E06D480088039031
S32500031260232800D9B1E00398810001A04058874601130300CB1303006B130300CB13030034
S32500031280CB130300CB130300CB130300CB130300CB130300CB130300CB1303009B1303006D
S325000312A0CB130300CB130300CB130300CB130300CB130300CB130300CB130300CB1303001D
S325000312C0CB130300CB130300CB130300CB130300CB130300CB130300CB130300CB130300FD
S325000312E0CB130300CB130300CB130300CB130300CB130300CB130300CB130300B3130300F5
S32500031300FFE7892080001BA908801AAA00201070FFF70BF9FFE7FFE74320C00019A90880D2
S3250003132018AA00201070FFF700F9FFE7FFE717A93948088016AA00201070FFF7F6F8FFE794
S32500031340FFE715A93348088014AA00201070FFF7ECF8FFE7FFE713A93048088012AA002041
S325000313601070FFF7E2F8FFE72FE0FFE711A92B48088010AA102010700020FFF7D6F8FFE750
S32500031380FFE74320C0000FA908800EAA102010700020FFF7CAF8FFE717E0FFE70DA91E48DC
S325000313A008800CAA102010700020FFF7BEF8FFE70BE0FFE70BA9174808800AAA10201070B4
S325000313C00020FFF7B2F8FFE7FFE711480088252803DBFFE70E48008804E00D490888401C82
S325000313E00880FFE7FFE7FFE7FFE7FFE7FFE7FFE7FFE707480188012000220192242902909F
S3250003140001DC0198029002981EB080BD88C9FF1F84C9FF1F270200001202000015020000E8
S3250003142054C8FF1F86C9FF1FE553030089C9FF1F80B586B057480078C007002800D0A1E08F
S3250003144055480078012805DCFFE753490878401C087096E05048007802280FD1FFE74E4981
S325000314600320087000200590FFF786F905984021FFF7EEFC0598FFF78DF981E04648007840
S32500031480032805DCFFE744490878401C087076E041480078042870D1FFE73F4904200870A2
S325000314A03E480078602830D1FFE73D480078292811D8FFE73A4804900078062141433A48DE
S325000314C04018811C021D0020FFF72FF804990878401C087018E0324800782A2812D1FFE7BC
S325000314E02F492B20087000200390FFF745F903986821FFF7ADFC0398FFF74CF92549012099
S32500031500087000E0FFE7FFE736E024480078452830D1FFE722480078292811D8FFE72048E6
S3250003152002900078062141431E484018811C021D0020FEF7FAFF02990878401C087018E07E
S32500031540174800782A2812D1FFE715492B20087000200190FFF710F901986821FFF778FC33
S325000315600198FFF717F90B490120087000E0FFE7FFE700E0FFE7FFE700E0FFE7FFE7FFE7EC
S32500031580FFE700E0FFE7034800780121084006B080BDC0468AC9FF1F8CC9FF1F62C8FF1F44
S325000315A08BC9FF1FBE4D0300BA4E030080B588B03F480078C007002873D1FFE73D48007815
S325000315C0012805DCFFE73B490878401C087067E03848007802280FD1FFE7364903200870F1
S325000315E000200390FFF7C8F803983921FFF730FC0398FFF7CFF852E02E480078032805DCDE
S32500031600FFE72C490878401C087047E029480078042841D1FFE727490420087026480078EC
S32500031620022811D8FFE72448029000780321414325484018411C821C0020FFF7C9FC029954
S325000316400878401C087026E01B480078032820D1FFE719490420087000200190FFF78CF821
S3250003166001986821FFF7F4FB0198FFF793F81049012008704349087004A8FF2101730F49B2
S3250003168006910F4905910F4904910D2102F076F900E0FFE7FFE700E0FFE7FFE7FFE7FFE71C
S325000316A000E0FFE7024800780121084008B080BD8DC9FF1F8FC9FF1F8EC9FF1F3030FFFF7D
S325000316C0616C3D316E322E766C4D030080B507480078C007002806D0FFE70449002008703A
S325000316E000F044FB00E0FFE780BDC04656C8FF1F80B502200521FEF7D3FF00280CD1FFE73E
S325000317001E480078C007002806D0FFE71C4802F006F902F0D1FDFFE700F036F8FFF7E8FC44
S3250003172000281ED0FFE717480078C007002817D1FFE700F0CDFA02F04BF900280FD0FFE736
S32500031740FFF776FE002809D0FFE7FFF755FC002803D0FFE7FFF72AFFFFE7FFE7FFE7FFE750
S32500031760FFE708480078C007002805D0FFE7FFF7ADFF00F0ADFAFFE780BDC04689C9FF1F36
S32500031780D453030080C9FF1F80B508480178491C01700078642806D3FFE704490020087033
S325000317A002F00AFC00E0FFE780BDC04690C9FF1F80B584B0039002A801800192002000903E
S325000317C0FFE703980621FFF711F800280BD1FFE700983F49884205DBFFE7FFF753FB00205B
S325000317E0009005E0EDE703980199FFF7D9FAFFE704B080BD10B586B00590049103A8028070
S325000318000293002101910088401E0090FFE70098002822D4FFE7FFE705980621FEF7E6FFFB
S3250003182000280ED1FFE70198401C019001982849884205DBFFE7FFF725FB002001900CE0DF
S32500031840EAE705980299049A009BD25CFFF7D2FAFFE70098401E0090D9E706B010BDC04698
S3250003186010B586B00590049103A80280029301A9002008800090FFE7009803A90988884211
S3250003188024DAFFE7FFE705980621FEF7AFFF002810D1FFE70198411C01A8018000880C4922
S325000318A0884206DBFFE7FFF7EDFA01A9002008800CE0E8E705980299049A009BD25CFFF70F
S325000318C099FAFFE70098401C0090D5E706B010BD8913000080B51B480068C00700280CD05C
S325000318E0FFE7D248006890214058002804D0FFE7002000F091F8FFE7FFE713480068C0075D
S3250003190000280CD0FFE7C948406890214058002804D0FFE7012000F07FF8FFE7FFE70B4849
S325000319200068C00700280CD0FFE7C048806890214058002804D0FFE7022000F06DF8FFE70D
S32500031940FFE780BD60500640645006406850064080B512480068C00700280CD0FFE7B348CA
S32500031960C06890214058002804D0FFE7032000F053F8FFE7FFE70A480068C00700280CD05C
S32500031980FFE7AA48006990214058002804D0FFE7042000F041F8FFE7FFE780BD6C5006407A
S325000319A07050064084B003900291039881009F4840580190039881009D48405800900198D0
S325000319C002998900401800690004C00F002808D0FFE700980299890041185B200006086161
S325000319E0FFE7019802998900411808690122D3051843086101980299890041180869D20356
S32500031A001043086104B0704781B0009000982D49086001B07047C04680B586B00590059854
S32500031A20810082484058029005988100804840580190029890214058049000200390FFE709
S32500031A4003981F283BD8FFE704980399C840C007002826D0FFE71B480068002806D0FFE7E8
S32500031A601848026805980399904719E001980399890041185B2000060861029803998900CA
S32500031A80411808690F22120490430861029803998900411808690122D20310430861FFE7CD
S32500031AA0FFE70498039A012191400840029990228B588850FFE70398401C0390C0E706B0EE
S32500031AC080BDC046D8CAFF1F85B0049003910292049881005548405801900498810054486D
S32500031AE040580090019803998900401800690004C00F002808D0FFE7009803998900411867
S32500031B005B2000060861FFE7029A019803998900411808691207120B0F231B0498438018CE
S32500031B200861019803998900411808690122D2031043086105B0704785B00490039102929A
S32500031B4004988100394840580190049881003848405800900198039989004018006900046D
S32500031B60C00F002808D0FFE700980399890041185B2000060861FFE7029A01980399890067
S32500031B80411808695207520D07231B02984380180861019803998900411808690122D20317
S32500031BA01043086105B0704710B585B0049003910292049881001D48405801900498810076
S32500031BC01B4840580090019803998900401800690004C00F002808D0FFE70098039989007C
S32500031BE041185B2000060861FFE7029B01221340019803998900411808699043C018086104
S32500031C00029B0224234001980399890041180869A043C01808610198039989004118086961
S32500031C20D2031043086105B010BDC0465C5203007052030080B5FFF725F901F043FD01F0A1
S32500031C4093FD00F0F5FEFBF71BFC80BD80B582B0019000910198022808D1FFE700980828EF
S32500031C6004D1FFE719490120087026E00198032808D1FFE70098022804D1FFE71248FEF750
S32500031C80F2FB19E00198022808D1FFE70098022804D1FFE70B48FEF7E6FB0CE0019802287E
S32500031CA008D1FFE70098032804D1FFE70448FEF7DAFBFFE7FFE7FFE7FFE702B080BDC0463B
S32500031CC072C9FF1F6CC9FF1F66C9FF1FC8C9FF1F80B501F005FF01F009F8FAF757FCFBF701
S32500031CE06DF900F04BF880BD80B5D14801684018407DC00700281ED0FFE70020FFF79AF8CE
S32500031D00CB490A798A1850710879401C087108790A681549895C884206DAFFE70121002260
S32500031D201046FFF745FD05E0002001221146FFF73FFDFFE7FFE780BDBD4908790A680A4906
S32500031D40895C88420FDBFFE7B94801684018407DC007002807D0FFE7B54908680A18002020
S32500031D6050750871FFE7704766C8FF1F80B500F0DDFFFAF755FCFBF795F980BD80B584B0CA
S32500031D8000200390029050480068FF2851D1FFE74E480078C00700284BD0FFE70020039015
S32500031DA0FFE70398072819D8FFE70399A0484018407BC00700280BD0FFE703989C490A18AA
S32500031DC0002050730398086003983F49086005E0FFE7FFE70398401C0390E2E703980828BA
S32500031DE025D1FFE700200290FFE7029803281DD8FFE702998E4840182C21405CC007002825
S32500031E000ED0FFE7029A8A490846283082180020107102988862029808302B49086005E08E
S32500031E20FFE7FFE70298401C0290DEE700E0FFE700E0FFE72448006801900B2840D80198AB
S32500031E40810001A040588746791E03007F1E0300851E03008B1E0300911E0300971E0300FC
S32500031E609D1E0300A31E0300A91E0300AF1E0300B51E0300BB1E0300FBF726F921E0FAF788
S32500031E80D1FD1EE0FAF7EAFE1BE0FAF7CDFB18E0FAF790FC15E000F09BFF12E001F052F8BF
S32500031EA00FE001F045FE0CE001F0F6F809E0FBF719FA06E001F05AFF03E001F0EDFE00E06E
S32500031EC0FFE704B080BDC04658C8FF1FB0C8FF1F83B0024602A802700191012100910078F4
S32500031EE0202803D3FFE70120009011E0019800280AD0FFE70198006802A909788900064AAC
S32500031F0088500020009002E001200090FFE7FFE7009803B07047C0460040034080B586B0DB
S32500031F204149039100200290FCF770FE02990398C9430591017A04AA11704068732109019F
S32500031F4088421ED1FFE704A800780190012808D0FFE70198022808D0FFE70198032809D01F
S32500031F600DE03349012048730AE0314901208873887705E02E490120C873C87700E0FFE7D7
S32500031F8050E0294840682949884249D1FFE704A800780090032808D0FFE70098452816D02B
S32500031FA0FFE70098602809D01AE021492D22012088541D48407AFBF775F930E01C492F2244
S32500031FC00120885404A8007801F018FD27E018492F220120885404A8007801F00FFD1EE0FC
S32500031FE004A80078042805DBFFE704A8007806280ADBFFE704A8007811280EDBFFE704A8CD
S325000320000078142809DCFFE709492E220120885404A8007801F00CFD00E0FFE7FFE700E0EF
S32500032020FFE7FFE706B080BD30CBFF1F3107000094C9FF1F80B5294800684003C00F0028C4
S3250003204022D0FFE725480068C00F002805D0FFE75B20000621490860FFE7204908680122E3
S325000320609304184308600868D207104308601C480068002804D0FFE719480068804702E0D9
S32500032080FDF7E8FEFFE7FFE7164800684003C00F002822D0FFE713480068C00F002805D02A
S325000320A0FFE75B2000060F490860FFE70D49086801229304184308600868D20710430860C3
S325000320C007484068002804D0FFE705484068804702E0FDF7E3FAFFE7FFE780BD144006400C
S325000320E0DCCAFF1F1C40064080B582B04949086801900198484A12681040019001980860F0
S32500032100019846490968084210D0FFE744480068002804D0FFE742480068804705E041490F
S325000321200868042290430860FFE7FFE701983B494968084210D0FFE739484068002804D0F6
S32500032140FFE737484068804705E036490868202290430860FFE7FFE7019830498968084238
S3250003216010D0FFE72E488068002804D0FFE72C488068804705E02B490868402290430860C7
S32500032180FFE7FFE701982549C968084211D0FFE72348C068002804D0FFE72148C068804754
S325000321A006E0204908680122520290430860FFE7FFE7019819490969084211D0FFE71848FB
S325000321C00069002804D0FFE715480069804706E0144908680122920290430860FFE7FFE7AD
S325000321E001980E494969084211D0FFE70C484069002804D0FFE70A484069804706E009494A
S3250003220008680122D20390430860FFE7FFE702B080BDC04608E0074014CBFF1FB84F03001B
S3250003222018CBFF1F1CE0074080B500F001F880BD10B582B000200190FFE7019803283AD892
S32500032240FFE7019880001D4A80580004C00F00900099019880008058400B08400124204032
S325000322600090009B019881008858DB071B0CE403A043C01888500098002817D0FFE7019887
S3250003228081000F484058002806D0FFE7019881000B484058804708E001988100074A8858E2
S325000322A001235B0398438850FFE7FFE7FFE70198401C0190C1E702B010BDC0462400044013
S325000322C07CCBFF1F83B002900298A3494018019002980090802800D93AE10098810001A0DC
S325000322E040588746E9240300512503005125030051250300E92403005125030051250300F3
S3250003230051250300E9240300512503005125030051250300E92403005125030051250300BE
S3250003232051250300E9240300512503005125030051250300E924030051250300512503009E
S3250003234051250300E9240300512503005125030051250300E924030051250300512503007E
S3250003236051250300E9240300512503005125030051250300E924030051250300512503005E
S3250003238051250300E9240300512503005125030051250300E924030051250300512503003E
S325000323A051250300E9240300512503005125030051250300E924030051250300512503001E
S325000323C051250300E9240300512503005125030051250300E92403005125030051250300FE
S325000323E051250300E9240300512503005125030051250300E92403005125030051250300DE
S3250003240051250300E9240300512503005125030051250300E92403005125030051250300BD
S3250003242051250300E924030051250300512503005125030023250300512503005125030062
S3250003244051250300E9240300512503005125030051250300E924030051250300512503007D
S3250003246051250300E9240300512503005125030051250300E924030051250300512503005D
S3250003248051250300E9240300512503005125030051250300E924030051250300512503003D
S325000324A051250300E9240300512503005125030051250300E924030051250300512503001D
S325000324C051250300E9240300512503005125030051250300E92403005125030051250300FD
S325000324E051250300E924030001980068C00F002805D0FFE701995B2000060860FFE7019994
S325000325000868012210430223984308600199086853051843086001990868D20710430860A1
S3250003252017E00E480068C00F002805D0FFE75B2000060A490860FFE70849086801221043D2
S325000325400223984308600868D2071043086000E0FFE703B07047C046005006405450064050
S3250003256083B00290029896494018019002980090802800D921E10098810001A0405887465F
S3250003258085270300BB270300BB270300BB27030085270300BB270300BB270300BB27030076
S325000325A085270300BB270300BB270300BB27030085270300BB270300BB270300BB27030056
S325000325C085270300BB270300BB270300BB27030085270300BB270300BB270300BB27030036
S325000325E085270300BB270300BB270300BB27030085270300BB270300BB270300BB27030016
S3250003260085270300BB270300BB270300BB27030085270300BB270300BB270300BB270300F5
S3250003262085270300BB270300BB270300BB27030085270300BB270300BB270300BB270300D5
S3250003264085270300BB270300BB270300BB27030085270300BB270300BB270300BB270300B5
S3250003266085270300BB270300BB270300BB27030085270300BB270300BB270300BB27030095
S3250003268085270300BB270300BB270300BB27030085270300BB270300BB270300BB27030075
S325000326A085270300BB270300BB270300BB27030085270300BB270300BB270300BB27030055
S325000326C085270300BB270300BB270300BB270300BB270300BB270300BB270300BB270300FF
S325000326E085270300BB270300BB270300BB27030085270300BB270300BB270300BB27030015
S3250003270085270300BB270300BB270300BB27030085270300BB270300BB270300BB270300F4
S3250003272085270300BB270300BB270300BB27030085270300BB270300BB270300BB270300D4
S3250003274085270300BB270300BB270300BB27030085270300BB270300BB270300BB270300B4
S3250003276085270300BB270300BB270300BB27030085270300BB270300BB270300BB27030094
S325000327808527030001980068C00F002805D0FFE701995B2000060860FFE701990868012238
S325000327A0530598430860019908681843086001990868D2071043086000E0FFE703B07047DA
S325000327C00050064010B584B0574800F0B5F8FFE75648029000F03CF902980068022805D3E6
S325000327E0FFE752490868801E086003E04F4996480860FFE74D4800684D49096888420AD387
S32500032800FFE74B48006849490968401A8E4940184849086010E0454800684549096888429B
S3250003282008D2FFE74248006840490968401A4149086000E0FFE7FFE73C4800683C49086012
S3250003284003A900200870FFE703A8007877490978884267DAFFE73748046803A80178C90018
S32500032860714B5A185168091951600078C4001A1950686C49096852781B5DD3180C225A4350
S3250003288089188968884246D3FFE76648006803A900910978CB00644A0192D1184978D25C1C
S325000328A08A180C21514340588047009901980978CA008118805C4A788018401C89788842DA
S325000328C008D2FFE703A80078C2005749885C401C885406E003A80078C2005349002088542B
S325000328E0FFE703A80078C1004F48421850684D49096893780C225A4389188968884208D348
S32500032900FFE703A80078C100474841180020486000E0FFE700E0FFE7FFE70398401C03A91F
S32500032920087091E754E7C046D44F030058C9FF1F5CC9FF1F10CCFF1F84B0039002A9002029
S32500032940087001A90870039836490860FFE73548006802A90A780C215143415801200029B6
S3250003296000900CD1FFE72F48006802A90A780C21514340180079411E88410090FFE7009827
S32500032980C00700284CD0FFE72648006802A90A780C2151434058002813D0FFE7214800681F
S325000329A002A90A780C21514340180079002808D1FFE7029801A90978CA001B49891848701C
S325000329C029E01848006802A90A780C215143405800281ED1FFE71348006802A90A780C217D
S325000329E0514340180079002813D0FFE7029801A90A78D3000C4AD31898700878C300002033
S32500032A00D0540198401C087008490878401C087000E0FFE7FFE70298401C02A9087096E735
S32500032A2004B07047C4C9FF1FE4CAFF1F14CCFF1F0449054808600A4900200860034905205F
S32500032A400860704714E000E0FFFFFF0010E000E081B00090024800680099086001B07047D1
S32500032A6018E000E080B582B000200090FFF72AFC01F0CCF9009A012101910846FDF778F98B
S32500032A800198FDF789FB00998520FDF7FBF901998620FDF7F7F987200721FDF7F3F902B071
S32500032AA080BD80B5002000F00BF880BD80B5012000F006F880BD80B5022000F001F880BD4D
S32500032AC070B594B0139000201290119010900F9013998A007A4989580E9113998A007949CE
S32500032AE089580D91784A01A978CA78C178CA78C178CA78C10D9949690C9A114011910D99DA
S32500032B00C96E0B9A114010911290FFE71298072845D8FFE711981299C840C007002839D026
S32500032B20FFE70E981299890040188069C006C00F00282FD0FFE70D981299890040188069CF
S32500032B400F900F98202188430F900F980D99129A92008918886113982C2141435B484018EF
S32500032B6012998900405800280AD0FFE713982C21414356484018129989004058804708E0AB
S32500032B800E981299890041188869102290438861FFE7FFE7FFE71298401C1290B6E711987A
S32500032BA0099908422BD0FFE70E980069C005C00F002824D0FFE70D9840690F900F980121E4
S32500032BC0090288430F900F980D99486113982C2141433E484018006A002808D0FFE713982C
S32500032BE02C21414339484018006A804706E00E9908690122120290430861FFE7FFE711980B
S32500032C000A9908422BD0FFE70E9800698005C00F002824D0FFE70D9840690F900F980121C2
S32500032C20490288430F900F980D99486113982C21414326484018406A002808D0FFE7139863
S32500032C402C21414321484018406A804706E00E9908690122520290430861FFE7FFE7109843
S32500032C600B99084229D0FFE70E98806E4006C00F002822D0FFE70D98C06E0F900F9810218B
S32500032C8088430F900F980D99C86613982C2141430E484018806A002808D0FFE713982C2154
S32500032CA041430A484018806A804705E00E99886E402290438866FFE7FFE714B070BDC046C4
S32500032CC0F853030004540300004D03008CCBFF1F70477047704770477047704770477047C5
S32500032CE070477047704770477047000080B582B013480190FDF796FB1248FDF793FB00F094
S32500032D0023F80198FDF770FB00280BD0FFE7DF48807CC007002804D1FFE7DC49012088749F
S32500032D20FFE700E0FFE702B080BDC04680B504480021FDF7BEFB03482821FDF7BAFB80BD20
S32500032D4078C9FF1F72C9FF1F80B51B480078C00700282CD0FFE719480188491C0180018878
S32500032D6017484843174940180221C841164988420DD8FFE7154A0020D06090601146083159
S32500032D800120D07205200002FCF746F800E0FFE70A480088FF212E31884206DBFFE707496F
S32500032DA0002008800449087000E0FFE703E0034900200880FFE780BDC8C9FF1F5CC8FF1FEC
S32500032DC0295C8FC250B81E05285C8F0230CBFF1F80B596B015A90120087011A9534888818B
S32500032DE0FF210806139052481290524A11920DAA117351490F910E9050480D905048007826
S32500032E0002280FD1FFE700200690FDF7B5FC06983821FEF71DF80698FDF7BCFC4849012061
S32500032E20087080E04648007801280CD1FFE70020059015A9FDF754FB0598944A0121917665
S32500032E403F4908706EE03E480078002868D1FFE78E48807EC007002860D1FFE73849022059
S32500032E600870AD49FF2008608849C8790007000D0A7A80180790487A0007000D897A40184A
S32500032E80089007987D21C9000091F9F731F90099303011AA0392D0710798F9F729F9084657
S32500032EA064210191F9F724F90199039A303010720798F9F71DF908460A210291F9F718F91A
S32500032EC00299039A303050720798F9F711F9039A08460199303090720898F9F709F90199E3
S32500032EE030300DAA0492D0710898F9F701F908460299F9F7FDF80299049A303010720898C8
S32500032F00F9F7F6F8049A0398303151720E2100F035FD04980D2100F031FD00E0FFE700E08E
S32500032F20FFE7FFE7FFE716B080BDC046FFFF0000616C3D006E302E760000FFFF6E312E7642
S32500032F405EC8FF1F10B590B00FA97C2008704D490AA81222F8F76AFD4B48007803280FD16B
S32500032F60FFE700200990FDF707FC09985421FDF76FFF0998FDF70EFC4349022008707FE016
S32500032F804148007802280AD1FFE700200FA9FDF7A7FA3E490120C8763B4908706FE03A481C
S32500032FA00078012869D1FFE73848C07EC007002861D1FFE75849FF20086033490320087043
S32500032FC03249544806900022026002600260097A016000682E490191F9F76AF8019902466A
S32500032FE0069830320AAB08931A720068F9F760F8084628490291F9F75BF80299089B024621
S3250003300006983024079422435A720068F9F750F808467D21C9000391F9F74AF80399089B8F
S325000330200246069830329A720068F9F741F8084664210491F9F73CF80499089B02460698F0
S325000330402243DA720068F9F733F808460A210591F9F72EF80599089B0246069822431A73F5
S325000330600068F9F725F8079A089811434173122100F084FC00E0FFE700E0FFE7FFE7FFE78E
S3250003308010B010BD304D03005FC8FF1F94C9FF1FA08601001027000080B584B002A90120C7
S325000330A008711A4802901A48007802280FD1FFE700200190FDF760FB01985421FDF7C8FE08
S325000330C00198FDF767FB1249012008701CE010480078012816D1FFE70E48026802A90A715C
S325000330E00268120ACA7042888A70C078487000200422FDF740FA0849FF2008600449022098
S32500033100087000E0FFE7FFE704B080BD7C01010160C8FF1FCCC9FF1F58C8FF1F80B5002086
S3250003312000F030F980BD80B5012000F02BF980BD80B5022000F026F980BD80B5032000F09E
S3250003314021F980BD84B00390029103988100274840580090029908698007000ECA68920796
S32500033160920E80184A68D207520F80188A68D207920F80180968012211404018019001981F
S3250003318000998860019803998A000549885003988200885806239843885004B07047C04676
S325000331A018CCFF1F82B00190019881006D48405800900098C06F0121084002B07047C046AA
S325000331C084B003900291039881000848405800900098406902998A00054989580840411EBC
S325000331E088410190019804B07047C0468854030034540300B0B58CB00B900A91302007903A
S325000332002C20069028200590242004900B98810004A84058039003980A994969FCF756FAE0
S3250003322002900B988100F448405801900199C868802200921043C86002980A990968090139
S32500033240F8F736FF099009A80478019A1168FF23DB431940091911604278019948681840DF
S325000332608018486002980A9909680901F8F720FF08910A9801680898F8F71AFF009A0890C1
S32500033280089C0199C023C8580F252C40A8430019C8500199C8689043C8600A9880680028B1
S325000332A006D1FFE70199C86808229043C8601BE00A98806801280BD1FFE70199C8680822F5
S325000332C01043C8600199C86810229043C8600AE00199C86808221043C8600199C86810221E
S325000332E01043C860FFE7FFE70A984068042807D1FFE70199CC22885801231843885009E0A2
S325000333000A9842680199C86803231A4098438018C860FFE70A98C2680199C868D207520FBD
S32500033320042398438018C8600A98026901990869D207920E20239843801808610A98006907
S32500033340012806D1FFE70199086902221043086105E001990869022290430861FFE70CB0A1
S32500033360B0BDC0467854030083B0029001910092009802994A01A2498918019A920088500A
S3250003338003B0704780B586B0059005988100B5484058029005988100BA4840580190019893
S325000333A0406905998A009549885002984068C005C00F002821D0FFE7059881008F4840185B
S325000333C040784006002817D5FFE7059841018C4840184069002807D0FFE7059841018848A4
S325000333E040184069804706E0029948680122120290434860FFE7FFE7FFE7029840688005A0
S32500033400C00F002821D0FFE7059881007B48401840780006002817D5FFE705984101784845
S3250003342040188069002807D0FFE705984101744840188069804706E0029948680122520212
S3250003344090434860FFE7FFE7FFE7029840684007C00F00281FD0FFE7059881006748405C78
S325000334609E21084216D0FFE705984101644840188068002807D0FFE70598410160484018DF
S325000334808068804705E002994868042290434860FFE7FFE7FFE7029840684005C00F002873
S325000334A021D0FFE7059881005448401840788007002817D5FFE70598410151484018C069E8
S325000334C0002807D0FFE7059841014D484018C069804706E0029948680122920290434860DF
S325000334E0FFE7FFE7FFE7029880680F21084004900498801E00900A2876D80098810001A07F
S325000335004058874631350300E93503005D350300E9350300E935030085350300E9350300FE
S32500033520E9350300E9350300E9350300B735030005984101324840184068002807D0FFE7F2
S32500033540059841012E4840184068804705E002994868022290434860FFE746E0059841018C
S3250003356027484058002806D0FFE70598410124484058804705E002994868012290434860DF
S32500033580FFE732E00198C06F0390059841011C484018C068002807D0FFE7059841011848E8
S325000335A04018C068804705E002994868012290434860FFE719E00598410111484018006915
S325000335C0002807D0FFE7059841010D4840180069804705E002994868012290434860FFE78D
S325000335E001980068039000E0FFE70598820003490020885006B080BD78540300A8CCFF1FB1
S3250003360028CCFF1F84B0039002910192039881001C48405800900198002809D1FFE70298DF
S32500033620810009484258009948681043486008E00298810004484258009948689043486024
S32500033640FFE704B07047C0461054030082B001900198810003484058009000980068C0B2E1
S3250003366002B070477854030083B0029001A8017002998A00034989580091007800990860CE
S3250003368003B070478854030080B584B0039002910120019000200090FFE700980299884204
S325000336A00DD2FFE70398FFF77DFD002803D1FFE70020019003E00098401C0090EDE70198CA
S325000336C004B080BD70B58AB02420029004210391FCF7D2F902980021FCF7D4FB0298FEF738
S325000336E0F1FD039968200490FCF7C6F90498FEF7E9FDFFE700204349FFF7C6FF012804D1A7
S32500033700FFE70020FFF7A2FFF4E7144900200190FFF770FD0198124B05A90A4630CB30C2D6
S3250003372070CB70C2FFF70EFD1021032200921046FEF702FA009A0F211046FEF7FDF901993E
S32500033740084A0846FFF710FE019A10461146FFF759FF0A2000F0D2FC0AB070BDC450030040
S32500033760444D030065390300B0B58CB02C2004900421FCF781F904980021FCF783FB04982E
S32500033780FEF7A0FD1E4902200590FFF733FD0320052206921146FEF7CFF90598069A0121F5
S325000337A0FEF7CAF9FFE702201649FFF76DFF012804D1FFE70220FFF749FFF4E7124A07A954
S325000337C0084618CA18C038CA38C002200190FFF7B9FC01980D4A00210291FFF7C5FD01988B
S325000337E0029A1146FFF70EFF0C2000F0A7FC78200390FEF7B5FE0398FEF764FD0CB0B0BD1E
S32500033800DC500300581B0000584D03001138030080B582B00220FFF719FF01A908700199B6
S32500033820264803785A1C0270254AD1540078042804DBFFE7214900200870FFE70020009019
S325000338401F480078012818D1FFE71D484078012813D1FFE71A48807801280ED1FFE71848D0
S32500033860C078012809D1FFE71748009000206946FEF72EFB00F02AFD1DE011480078022833
S3250003388018D1FFE70E484078022813D1FFE70C48807802280ED1FFE70948C078022809D186
S325000338A0FFE70848009000206946FEF711FB00F00DFDFFE7FFE702B080BDC046D4C9FF1FF3
S325000338C0D0C9FF1F020202020101010180B584B00390029100200190694608700190FFE73E
S325000338E001980299884218D2FFE703980199405C69460870FFE702200621FFF761FC00284F
S3250003390001D1FFE7F7E7684601780220FFF7ACFEFFE70198401C0190E2E704B080BD83B0C6
S3250003392080B5C3B0479346924591429045A84190429A419B0120010201A800F027FD009095
S325000339400098000A002803D0FFE7FF200090FFE7009901A8FFF7BAFF43B080BC01BC03B0B6
S325000339608646704780B582B001A9009100200870FFF76CFE0099087002B080BD80B584B0B8
S325000339800390029100200190694608700190FFE701980299884218D2FFE703980199405C0A
S325000339A069460870FFE700200621FFF709FC002801D1FFE7F7E7684601780020FFF754FE62
S325000339C0FFE70198401C0190E2E704B080BD000009480078C007002807D0FFE706490020D4
S325000339E0087080490120087500E0FFE77E480078012108407047C04661C8FF1F81B00146F5
S32500033A00684601700078602804D1FFE7D549602008700AE068460078452804D1FFE7D1495B
S32500033A204520087000E0FFE7FFE701B07047C04681B0014668460170007804280FD1FFE785
S32500033A4094480078012804DCFFE792490420087004E090490878401E0870FFE73DE06846DF
S32500033A60007805280FD1FFE78A480078032805DCFFE788490878401C087003E0854901209F
S32500033A800870FFE728E068460078112804D1FFE78049012008701EE068460078122804D108
S32500033AA0FFE77C490220087014E068460078132804D1FFE77749032008700AE0684600783D
S32500033AC0142804D1FFE773490420087000E0FFE7FFE7FFE7FFE7FFE7FFE701B07047C046DC
S32500033AE080B51248FCF780FC00281BD0FFE73D482E21405CC007002805D1FFE739492E22D9
S32500033B0001208854FFE763480078032805DCFFE760490878401C087003E05E490120087084
S32500033B20FFE700E0FFE700F061F880BD72C9FF1F80B582B001A97B200870294800780328B9
S32500033B400FD1FFE700200090FCF716FE00985421FDF77EF90098FCF71DFE214902200870BD
S32500033B603BE01F48007802280AD1FFE7002001A9FCF7B6FC1B4901200877194908702BE0FF
S32500033B8017480078012825D1FFE71648007FC00700281DD1FFE79B49FF20086010490320B9
S32500033BA0087010484079602809D0FFE70D484079452804D0FFE76B496020087004E0094816
S32500033BC0407968490870FFE707490120087000E0FFE700E0FFE7FFE7FFE702B080BDC046DE
S32500033BE063C8FF1F94C9FF1FD5C9FF1F2948007801280DD1FFE78449FF220A7400208875DD
S32500033C0008772223CA54282288542E22885437E02048007802280DD1FFE77B490020087422
S32500033C20FF228A7508772223C8542823CA542E22885424E01748007803280DD1FFE7724961
S32500033C4000220A748A75FF2008772223CA542823CA542E22885411E00E48007804280CD15E
S32500033C60FFE76949FF2008748875087722228854282288542E228854FFE7FFE7FFE7FFE782
S32500033C806149342040220A543A238020C85490208854704760C9FF1F10B586B005A97B2076
S32500033CA008802F48007805280FD1FFE700200490FCF762FD04985421FDF7CAF80498FCF735
S32500033CC069FD27490420087047E02548007804281ED1FFE723480290007805A94870002061
S32500033CE0019001220392FCF746FC0199029B03981B4C032222701C4AD16091601146083135
S32500033D001B785372907205200002FBF785F823E013480078032804D1FFE7114902200870FA
S32500033D2019E00F480078022804D1FFE70C49012008700FE00A480078012809D1FFE73149C3
S32500033D40FF20086006490520087000F0C9FA00E0FFE7FFE7FFE7FFE7FFE706B010BDC0464D
S32500033D6064C8FF1F62C8FF1F30CBFF1F80B582B02348007802280FD1FFE700200090FCF7B2
S32500033D80FBFC00984021FDF763F80098FCF702FD1B490120087031E01948007801281ED152
S32500033DA0FFE701A900200870FFE701A800780A2811D8FFE701A8007806214143124840184C
S32500033DC0811C021D0020FCF7B0FBFFE70198401C01A90870E9E70A49002008700DE008486B
S32500033DE00078002807D1FFE70649FF20086004490220087000E0FFE7FFE7FFE702B080BD1E
S32500033E0065C8FF1F58C8FF1F6EC8FF1F80B582B08C48019000F0D4F80199886801229043B4
S32500033E20886000F0F1F802B080BDC04680B582B08448019009480068002804D0FFE7074815
S32500033E4000688047FFE700F0BBF805480268019988681043886002B080BDC046B8CCFF1F8E
S32500033E609854030080B582B07648019000F0A8F80199886801221043886000F0C5F802B0BD
S32500033E8080BDC04680B586B005906E48049003900020029003988068019004988068400669
S32500033EA0C00F002803D1FFE701200290FFE70298002859D1FFE701982D4908400190059858
S32500033EC0C0694007410B019808430190059880698007810D01980843019005980068C007CC
S32500033EE0810E01980843019005988068C007010F01980843019005984068C007410F0198EF
S32500033F00084301900598C068C007810F01980843019000F055F801980399886000F074F875
S32500033F200290029800281ED1FFE700F049F8059840690399C86000F067F802900298002871
S32500033F4010D1FFE70598006801280AD1FFE700F037F8059800690399086100F055F80290A9
S32500033F60FFE7FFE7FFE7FFE7029806B080BDC046D1FCF8FF80B584B00390029131480190B0
S32500033F80019880680090039881000A4841580098884300900298401CC007C10E009808439E
S32500033FA0009000F00DF800980199886000F02CF804B080BDA054030080B500F0E1F980BD21
S32500033FC083B0EFF310800190019800900098002805D1FFE7EFF3108072B60290FFE707B430
S32500033FE006480749074A0160026007BC0098002802D1FFE762B6FFE703B0704714200540E9
S32500034000C4A1D9B00F3B1E1A83B00E480290002001900090FFE702988068C001C00F0128AA
S325000340200CD0FFE70198000D002803D0FFE70120009003E00198401C0190ECE7009803B0F6
S325000340407047C0460020054080B588B0002006900190029003900090044905910490042031
S3250003406007906846FFF70EFF08B080BD0077010080B582B000200190FEF772FA0198FEF77B
S3250003408021F9FFF7E1FF01990846FFF773FF1A2000F014F8FFF7E6FE02B080BD81B0009017
S325000340A00098002808D4FFE700991F200140012088402A490860FFE701B0704781B0009089
S325000340C00098002808D4FFE700991F2001400120884022490860FFE701B0704781B0009071
S325000340E00098002808D4FFE700991F200140012088401A490860FFE701B0704781B0009059
S325000341000098002808D4FFE700991F2001400120884012490860FFE701B0704781B0009040
S325000341200098002808D4FFE700991F200140012088400A490860FFE701B0704781B0009028
S325000341400098002808D4FFE700991F2001400120884002490860FFE701B0704700E100E010
S3250003416070B582B0019000910198002814D4FFE701980321CB4318404E4A805801998C076E
S32500034180E50EFF24AC40A043009CA401E4B2AC4020431940885018E001980F242040083876
S325000341A00321CB431840424A805801998D07EE0EFF25B540A843009DAD01EDB2B540284390
S325000341C02140083919408850FFE702B070BDC04670B582B0019000910198002814D4FFE730
S325000341E001980321CB431840324A805801998C07E50EFF24AC40A043009CA401E4B2AC406A
S3250003420020431940885018E001980F24204008380321CB431840264A805801998D07EE0EA1
S32500034220FF25B540A843009DAD01EDB2B54028432140083919408850FFE702B070BDC04689
S3250003424070B582B0019000910198002814D4FFE701980321CB431840164A805801998C07C5
S32500034260E50EFF24AC40A043009CA401E4B2AC4020431940885018E001980F242040083895
S325000342800321CB4318400A4A805801998D07EE0EFF25B540A843009DAD01EDB2B5402843E7
S325000342A02140083919408850FFE702B070BDC0461CED00E000E400E0BFF34F8F0D490E486E
S325000342C00860BFF34F8FFFE700BFFDE7BFF34F8F084909480860BFF34F8FFFE700BFFDE7A1
S325000342E0BFF34F8F034904480860BFF34F8FFFE700BFFDE70CED00E00400FA0580B586B0C5
S32500034300FEF7B0FBFCF740F8FFF7B2FEFCF74EF9002005900D21009101220292FDF70CFCC2
S325000343200099029A0598FCF7D1F900990598FCF7EBF9029A05980C210191FDF7FDFB01995A
S32500034340029A0598FCF7C2F901990598FCF7DCF9029A0220039005210491FDF7EDFB039AE9
S3250003436004991046FDF720FC03980499059AFCF7ADF9FDF75FFCFEF725FA059806B080BDCE
S3250003438003B40148019001BD01C0FF1F7CB51D4616460C0001D0611E00E000210191009077
S325000343A0054B6A462946304600F0E8F8002C02D0009A002111707CBDB54C03002021020C79
S325000343C001D010211046020A01D010460839020901D01046091F820801D01046891E42080C
S325000343E001D0881E7047081A704702E008C8121F08C1002AFAD170477047002001E001C1DB
S32500034400121F002AFBD17047F0B51FB486B00998089A030D0021024314D05148514A181806
S32500034420504305141198012810981AD0281A401C00264D4F4D49009601910490002812DA9D
S32500034440444211E01198012449A3012801D11098C1430698119A84600360C26041600BB06D
S32500034460F0BD4042E4E70446210500203F4A001C51410391029012E0E00707D032463B46A3
S3250003448001990098F7F76AFC0191009032463B4610461946F7F762FC06460F466410002C30
S325000344A0EAD10498039B0028029A0999089806DAF7F754FC019B009AF7F750FC05E0F7F797
S325000344C0B5FC019B009AF7F7B1FC04460E460022284BF7F759FF03D80020C043014607E0AC
S325000344E00022254B20463146F7F786FBF7F72CFF102409E0002C0ADB0A220023F7F720FE33
S32500034500079B30321A55641E02460A43F2D11122641C079B121B1C19119B012B03D00123BF
S3250003452008430ED10AE0084304D0112010900020119077E71098151A6D1E0BE01098824296
S3250003454002DD00236D1C03E0824201DA00236D1E002BEED0069811998260C16030C07EE70E
S3250003456001FCFFFF104D0000000014400000F03F300000000000F0430000E03FFFB597B0DA
S325000345800646002518E2252877D100242746FD49049400E00443761C32780120203A9040F5
S325000345A00842F7D130782A280ED00222307801463039092916D804990A2359433039401845
S325000345C01443761C0490F1E7189802C804911890002904DA012040030443484204900220D4
S325000345E00443761C30782E2814D1042004437078761C2A2809D11898761C80C8189009E0CA
S325000346000A214F43303FC719761C3078014630390929F5D930786C2810D006DC4C281AD03F
S3250003462068280ED06A2817D104E0742813D07A2812D110E00120400504430CE001210905E8
S3250003464001E0032109050C437178814203D1012000052418761C761C3078119066280BD037
S3250003466013DC58287DD009DC00287BD04528F6D04628F4D047281AD1A5E118E0632835D050
S32500034680642870D0652812D19DE170286CD008DC6728F1D069287BD06E280DD06F2806D192
S325000346A0BAE073282ED0752871D0782859D01A9A199990476D1C7EE16002400F022809D03E
S325000346C003280DD00428189801680DD00D60001D189070E11898EA1701680D604A60F6E716
S325000346E0189801680D80F2E70D70F0E718986A4601781172001D18900020507202A80090A1
S32500034700012005E0189802C8189000200091C04361070DD5002101E00199491C0191B942DC
S3250003472012DA8142F8DB009A515C0029F4D10BE0002101E00199491C01918142FADB019A08
S325000347400099895C0029F5D1019904981A9B471A21463846199A00F097FA0199401945182E
S325000347600BE04FE02CE113E04EE0009800990078491C00911A9A199990470198401E019084
S32500034780401CF2D1214638461A9B199A10E137E00A200021009001916002410F022907D07B
S325000347A0189A01CA1892C2179446032908D00AE01898C01DC108C90005C91891944607E0D1
S325000347C000B2C2179446042902D140B2C1178C4600226146944506DA0A4600214042914188
S325000347E08C462D2102E0210504D52B216A461173012103E0E10701D02021F7E7029155E08A
S325000348000A200AE0102008E0102000900021042004430191082703E0082000210191009008
S325000348206002410F022907D0189A01CA189200229446032908D008E01898C01DC108C9008D
S3250003484005C91891944603E080B2042900D1C0B200210291210729D51199702906D0009AEC
S325000348601021019B4A401A4305D00EE040216A461173012108E06146014306D030216A4657
S3250003488011731199517302210291009A0821019B4A401A430AD16146014301D1610705D547
S325000348A030216A46117301217F1E02911199582904D035A10E910DA90D910DE037A1F9E7AB
S325000348C06146019B009AF7F73BFC0E9B8C469B5C0D9A521E0D92137061460143F0D10D98D1
S325000348E005A9081A20300190600703D501200004844300E001270198874201DD381A00E059
S325000349000020019900904118029809180498401A0490E00306D421461A9B199A049800F08E
S32500034920B3F94519002706E003A81A9AC05D199990476D1C7F1C02988742F5DBE0030CD537
S3250003494021461A9B199A049800F09EF9451904E01A9A3020199990476D1C0099481E009075
S325000349600029F5DC08E00D980D990078491C0D911A9A199990476D1C0199481E0190002906
S32500034980F1DC63E109280100303132333435363738396162636465660000000030313233A3
S325000349A03435363738394142434445460000000000F05AF94519761C3078002800D0E2E578
S325000349C028461BB0F0BD600700D406271898C01DC108C90048680A680831C30FDB071891A9
S325000349E0190001D09CA108E0210501D59BA104E0E10701D09AA100E09AA1430011985B0825
S32500034A00109165280CD006DC452809D046281DD0472841D141E0662818D067283CD13CE030
S32500034A200021112F01DB112000E0781C0191009008A911A8FFF7E8FC139905910021119A17
S32500034A4015927F1C12980197009150E00120C00703900120019008A9009711A8FFF7D4FC14
S32500034A60139A149905920022119B009212981593059A0192002901D0104602E0791C401839
S32500034A800190381A01D5019804E04042401E0090781C0190C01B029043E0012F00DA012780
S32500034AA00021112F01DD112000E038460191009008A911A8FFF7A8FC13990591119A0021EB
S32500034AC0129815920091019721070CD40599B94201DB019900E00191012904DD159A491EA9
S32500034AE0515C302906D0B84201DA011D05DA0121029115E00199491EEDE7002805DC0099DE
S32500034B00411800910199091A03E0019A411C914200DD01910099401A401C02900120C007FF
S32500034B200390200706D402990198814202DB0020C043029000206946C87707AF01210398CE
S32500034B400337C907884224D0022011902B201290039800280CDA404203902D20129007E040
S32500034B600A210398F7F7A4FA30317F1E039039701199481E11900029F2DC03980028EFD175
S32500034B80791E129808703078202108404530BF1E387006A8C01BC01D0390109800780028E7
S32500034BA000D00120019941180298C0170918039809180498401A401E0490E00306D42146AE
S32500034BC01A9B199A049800F05FF8451910980078002803D01A9A199990476D1CE00324D566
S32500034BE021461A9B199A049800F04EF845191CE00098002807DB00990598884203DD159882
S32500034C00405C199901E0199930201A9A904700986D1C401C00900298401E0290002804D13B
S32500034C201A9A2E20199990476D1C0199481E01900029DDDC05E038781A9A7F1C1999904777
S32500034C406D1C0399481E03900029F4DC21461A9B199A0498ACE600002D0000002B000000DF
S32500034C602000000000000000F8B5044600251E461746880404D405E039462020B0476D1CA6
S32500034C80641EF9D52846F8BDFFB50446002581B01E46C80301D5302700E02027880404D55C
S32500034CA005E038460399B0476D1C641EF9D5284605B0F0BD4A68002A06D00A68531C0B604E
S32500034CC010704868401E4860704700003333534000004040295C0F403333D33FCDCC8C3FB5
S32500034CE074322E7478743D22322E302E3022FFFFFF74372E7478743D2220323522FFFFFFCD
S32500034D0001000000020000000400000008000000100000002000000040000000800000008B
S32500034D20000100000002000010000000FF03000074392E7478743D2230303030303022FF7A
S32500034D40FFFF00000100000001000000010000000300000000000000010000000100000044
S32500034D6001000000030000000000000039008739052639066600680001001200680050002A
S32500034D8000006800CE0147006800030D8B006800CF0109006800D20104006800D4010200CA
S32500034DA068000C02030068000D02A80068000E02480068001B02050068000302000040005B
S32500034DC0530000004000C801E3004000CA0100004000CB0100004000CC0100004000CD0159
S32500034DE000004000CE012C004000CF0100004000D0010D004000D1012B004000D201800071
S32500034E004000D30100004000D40100004000D50100004000D60100004000D70120004000BB
S32500034E20D80105004000D90160004000DA0102004000DB016D004000DC0104004000DD012C
S32500034E4051004000DE01E0004000DF0105004000E00100004000E10100004000E2018000EE
S32500034E604000E30101004000E4019C004000E50101004000E60104004000E701FF0040008A
S32500034E80E80100004000E90100004000EA01FF004000EB0100004000EC0100004000C90169
S32500034EA0190040000100D80040001802040040001902A80040001A0248004000530000001F
S32500034EC04000C801E3004000CA0100004000CB0100004000CC0100004000CD01000040006B
S32500034EE0CE012C004000CF0100004000D00109004000D101D7004000D20100004000D30174
S32500034F0000004000D40100004000D50100004000D60100004000D70120004000D8010500F0
S32500034F204000D90160004000DA0101004000DB01D2004000DC0100004000DD01FD0040006C
S32500034F40DE0160004000DF0105004000E00100004000E10100004000E20180004000E301DA
S32500034F6001004000E4019C004000E50101004000E60104004000E701FF004000E8010000C4
S32500034F804000E90100004000EA01FF004000EB0100004000EC0100004000C90119004000F8
S32500034FA00100D80040001802040040001902A80040001A02480000000400000020000000E6
S32500034FC04000000000020000000400000080000064860000D72C0300000000000000000012
S32500034FE0000000000100000000000000D52C03000000000000FA00000000000001000000A8
S3250003500000FA0000F11603000000000000E20400000000000500000000E20400D12C0300B2
S325000350200000000000FA0000DB2C03000100000000F40100DD2C03000200000000EE02006F
S32500035040DF2C03000300000000E80300E12C03000400000000E20400E32C0300050000003A
S3250003506000E20400E52C03000600000000D60600E72C03000700000000D00700E92C03003F
S325000350800800000000CA0800D32C03000900000000C40900000000000A00000000C409007E
S325000350A0D92C03000000000000102700000000002800000000102700000000000000000049
S325000350C0000000008025000003000000000000000000000000000000005A620200C201009E
S325000350E003000000000000000000000000000000005A6202040000000200000000000200DE
S32500035100000001000000080000001000010000002000000040000000800000000000080084
S32500035120000004000000010000000100000002000000000000800000004000000008000096
S32500035140000400000000004000000080000000042000000040000000800000000000080096
S32500035160000004000000010000000100000002000040024000A002400040024000A0024056
S3250003518000F00F4040F00F4080F00F40C0F00F4000F10F4001000000020000000400000043
S325000351A00800000010000000200000000000400000008000000000010000000200000004E7
S325000351C00000000800000040000000803F00C0CF0060064000700640006006400070064078
S325000351E000000000000000000050064004500640085006400C5006401050064014500640E6
S32500035200185006401C5006402050064024500640285006402C5006403050064034500640A5
S32500035220385006403C5006404050064044500640485006404C500640505006405450064085
S32500035240585006405C5006406050064064500640685006406C50064070500640009004409B
S3250003526000A0044000B0044000C0044000D004400090044000A0044000B0044000C0044085
S3250003528000D00440C9FFFFFFA80FEB43CEFFFFFF284FAE43D3FFFFFF93218243D8FFFFFFF5
S325000352A0E9A64343DDFFFFFFC72B1443E2FFFFFFB7B1E242E7FFFFFF1B1EAF42ECFFFFFF4B
S325000352C031798842F1FFFFFF31995642F6FFFFFF59062A42FBFFFFFF9D91074200000000D4
S325000352E0B1BFD94105000000362BB0410A0000006D678F410F000000A8C66A4114000000DA
S32500035300BA49414119000000000020411E00000031080541230000003255DE4028000000F8
S32500035320DAACBA402D0000003F579D40320000001826854037000000713D62403C0000004C
S325000353404BEA404041000000AA822540460000005C8F0E404B0000000456F63F5000000014
S325000353606891D53F550000006ADEB93F5A000000D34DA23F5F0000001D5A8C3F6400000022
S32500035380F54A793F69000000933A613F6E000000ED0D4E3F730000000C023B3F78000000CF
S325000353A0C7BA283F7D0000008104153F8200000058CAF23E87000000B6F3DD3E8C000000FB
S325000353C0C286C73E91000000F5B9BA3E96000000C9769E3E506F7765726F666620526573FD
S325000353E065740D0A00506F7765726F6E2052657365740D0A000000000080034000900340FA
S3250003540000A00340008003400090034000A0034001000000820000000400000000000000A0
S32500035420010000000001000000020000000400008F070000010000000200000004000000BE
S3250003544008000000100000002000000040000000800000009E0000000001000000020000AA
S3250003546000040000000800000010000000200000004000000080000000A0064000B006404B
S3250003548000C0064000D0064000A0064000B0064000C0064000D006400000000400000004E7
S325000354A01000000010000000D854030000C0FF1F48000000EA4303002055030000C8FF1FE0
S325000354C064010000E0C30200B055030064C9FF1F58030000FA43030083B0EFF31080019095
S325000354E0019800900098002805D1FFE7EFF3108072B60290FFE707B406480749074A0160E1
S32500035500026007BC0098002802D1FFE762B6FFE703B0704714200540D6B1C4A07B0C0D1E66
S3250003552012011A03013405020A3210F201320432035A020C091A20291C29041A28063AFFAE
S325000355400C1E02030201605E1B010201150604014014E5010112401CE60104061AE72D1239
S32500035560403AE8063AE9061CEA01FF063AEB063AEC061CED0180063AEE06BCEF017080A331
S3250003558030079A310C9A320C9A330C9A340C9A350C9A360C5A370C69689A400C69089A77DC
S325000355A00C0213082366263CFFFFFF0429280000FFFFFFFFFFFFFFFFFFFFFFFFFFFFFFFF8C
S309000355C023EF23A207
S50309DE15
S70500000000FA
