:020000040002F8
:10B8000000400020DDB802000DB902000FB90200AF
:10B810000000000000000000000000000000000028
:10B8200000000000000000000000000011B902004C
:10B83000000000000000000013B9020015B902006A
:10B8400017B902001BB902001FB9020023B9020098
:10B8500027B902002BB902002FB9020033B9020048
:10B8600037B902003BB902003FB9020043B90200F8
:10B8700047B902004BB902004FB9020053B90200A8
:10B8800057B902005BB902005FB9020063B9020058
:10B8900067B902006BB902006FB9020073B9020008
:10B8A00077B902007BB902007FB9020083B90200B8
:10B8B00087B902008BB902008FB9020093B9020068
:10B8C0000348854600F074FD00480047FD42030030
:10B8D0000040002000C0FF1F0040002072B62E492B
:10B8E00009682E4A1268521A013A05DD0020042325
:10B8F00008601944043AFBDA00BF2948294901606D
:10B900000A6882F3088862B627488047FEE7FEE7A8
:10B91000FEE7FEE7FEE725480047254800472548A3
:10B920000047254800472548004725480047254847
:10B930000047254800472548004725480047254837
:10B940000047254800472548004725480047254827
:10B950000047254800472548004725480047254817
:10B960000047254800472548004725480047254807
:10B9700000472548004725480047254800472548F7
:10B9800000472548004725480047254800472548E7
:10B99000004725480047FEE7D4B80200D8B80200A7
:10B9A00008ED00E000B80200C1B8020097B902003B
:10B9B00097B9020097B9020097B9020097B902003F
:10B9C0002D0703003707030097B9020097B902005B
:10B9D00097B902001D310300273103003131030004
:10B9E0003B31030097B9020097B9020097B90200F2
:10B9F000A32A0300AD2A0300B72A03006DD4020076
:10BA000077D4020097B9020097B9020097B90200F3
:10BA1000352003002D3E030097B9020029220300C0
:10BA2000E9200300D51803005119030003460B4316
:10BA30009B0703D009E008C9121F08C0042AFAD2E4
:10BA400003E00B780370401C491C521EF9D270476A
:10BA5000F8B502464A40D40F42004B0052085B083A
:10BA60009A4202D20246084611464A0023D0C30D2C
:10BA70004A00DDB2120EAD1A202D35DA4902012638
:10BA8000490AF6058A19002C00D0524220214F1B8A
:10BA90001146B9402A411018C20D9A4221D0002CFB
:10BAA00017D0012D08DCDA05801AD20F8019D207D1
:10BAB000DBB200F0B1FBF8BDDA05801A01234000CB
:10BAC0001B06C01880185A428018CA0F104349003C
:10BAD00007E04908C2071143DA05801A80194008B7
:10BAE000801800F091FBF8BD61000122511A001B83
:10BAF000F7E70122D2075140AAE70122D2075040BE
:10BB0000A6E7024670B54A40D30FDB0740002DD0B0
:10BB10004A002AD0010E140E000212020919400A2E
:10BB2000520A8418E50104465443000A120A2E04FE
:10BB30005043A4194219200CC543AA18120C012520
:10BB4000AD03521C521912047F39240400D0521C38
:10BB5000104301D44000491EC2B20C06C00920188F
:10BB6000401C4008802A02D003E0002070BD40083D
:10BB70004000002900DA0020184370BD70B502466D
:10BB80004A40D50F40004A00ED07400852080028FF
:10BB900014D0002A12D0C40DD30D41020120C005DB
:10BBA0005202490A520AE41A091812187D349142C5
:10BBB00001D3641C00E04900002C01DA002070BDB4
:10BBC0000023914201D3891A034340084900002809
:10BBD000F7D100290AD0914202D10121C90705E01D
:10BBE000914201D2012101E00121C943E005C018C1
:10BBF000401900F009FB70BDF0B5074608465840F3
:10BC000087B0C00F049048000E465900400849080C
:10BC1000BC1A884105D2384631461E4617460B46A7
:10BC200002465800400810434CD0300D03904005A8
:10BC30005900400D490D0590401A0290402872DAD3
:10BC400018030121000B0905084301900498009294
:10BC5000002805D0019952420020884100920190AD
:10BC6000029840210A1A0199009800F099FA0546B5
:10BC70000C466B4607CB00F0B4FAC0197141039A29
:10BC80000E0D0023D71756401A467A40164344D06B
:10BC9000049A002A2DD0029A012A039A15DC120573
:10BCA000C01A914101263605001C7141D20F059E34
:10BCB000D2070093019202962A46234600F0F2FA38
:10BCC00007B0F0BD38463146FAE71605224A0F465E
:10BCD000B218C01AB74101210905001C4F410018D4
:10BCE0007F41114618187941E20F10436D196441E4
:10BCF00013E0E2076D0815436408C2071443039A72
:10BD000001261205C01A91413605001C7141CE076B
:10BD1000400830434908C01851412A46234600F0E4
:10BD2000B4FACDE7FFE7049801224000C117121AC8
:10BD300000238B4104983146C417381AA141EEE71D
:10BD400030B40124E407634030BC55E730B401242B
:10BD5000E407614030BC4FE70000E0FFF0B51FB4DE
:10BD600088B00B990998002448400999C00F4900F0
:10BD700049080991C0070B990090490049080B91A7
:10BD800009990898A64608431CD00B990A980843BD
:10BD900018D0099801244000420D4800410D09982F
:10BDA00024050003000B204309900B980003000BAF
:10BDB00020430B9050181C49401800220190144653
:10BDC000104605E0002001460DB0F0BD032801DA61
:10BDD000034600E003239C46C11A0AAE0AE05F0056
:10BDE00008ADED5B4F00F75B7D430027AA187C414F
:10BDF000491C5B1E6145F2DD410004AB5A5221042F
:10BE0000120C0A43240C401C0828DFDB0198029026
:10BE10000099704601910090059B049A0799069835
:10BE200000F040FAD0E700000DFCFFFFF0B50C4633
:10BE30005C4085B0E40FE40703944C0000266408DE
:10BE400059009446490802460296224321D0624690
:10BE50000A431ED06200570D4A000E032303550DFE
:10BE6000012402462C492405781B1B0B360B401875
:10BE700023432643614600901C46501AB44103D325
:10BE80000098401C009002E0921800985B41002846
:10BE900003DA0020014605B0F0BD002001210905AC
:10BEA0000746864611E064461D46141BB54106D37D
:10BEB0006546521BB341744607430C43A646CD0763
:10BEC00040084908284392185B4105460D43EAD1D2
:10BED0001046184313D0604619465040714008433D
:10BEE00006D06046101AB34106D20122002306E0B4
:10BEF00000220123DB0702E00122D2435310009805
:10BF000074460105381C6141029C039D001969417A
:10BF100000F0BBF9BFE70000FD0300000122D207DB
:10BF2000002800DB101A002900DB511A814201D8D9
:10BF300001207047002070470122D207002800DB53
:10BF4000101A002900DB511A814201D201207047EA
:10BF5000002070470122D207002800DB101A0029B8
:10BF600000DB511A814201D3012070470020704745
:10BF700010B5002904DB0C460121C9074042A1414C
:10BF8000002B04DB1C460123DB075242A341801A2D
:10BF9000994101D3012010BD002010BD10B500292A
:10BFA00004DB0C460121C9074042A141002B04DB00
:10BFB0001C460123DB075242A341101A8B4101D2D8
:10BFC000012010BD002010BDC217C10F504010B598
:10BFD0004018CA079623002100F01EF910BD00008A
:10BFE0000EB5C217C10F5040CA0740180021054BBB
:10BFF0000293019200910A460B4600F053F903B0F8
:10C0000000BD00003304000070B5CD0F4A000903E5
:10C010000123090B1B0519430B4BED070024520D9F
:10C020009A4201DA002070BD074B34339A4203DC98
:10C030009A1A00F0C5F802E00449511888402C43D0
:10C04000F1D0404270BD0000FF030000CDFBFFFFB8
:10C05000C20FD207400040080BD0C10D0723DB01FF
:10C06000C91840020905400A1143C208400711439C
:10C070007047002001467047CB0FDB07490010B521
:10C08000490802460A4307D00A0D07240903E401C0
:10C09000090B121B002A01DC002010BDC900440F4F
:10C0A0000C43C100E018D205801800F0ADF810BDB7
:10C0B00070B50446002903D000202022012310E09F
:10C0C000002801D00020C043C046C0460DE02546F0
:10C0D000D5408D4205D30D469540641B1D469540C5
:10C0E00040191546521E002DF1DC214670BD00009E
:10C0F00070B5002504462E46002911D0002C01DA27
:10C1000001254442002901DA012649422046FFF771
:10C11000CFFFB54200D04042002D00D0494270BD53
:10C12000002C02DA0121C90702E0002C00DD0349DE
:10C130000846C046C046214670BD0000FFFFFF7F95
:10C14000F0B51FB40646002082B005464024019198
:10C1500000901BE0019922460F46304600F030F86F
:10C16000049A059B801A994110D31046194622461D
:10C1700000F016F8361A8F4101972246012000215F
:10C18000009F00F00DF838184D4100902046641EC5
:10C190000028DFDC019B00982946324607B0F0BD3D
:10C1A00010B5202A04DB0146203A9140002010BD42
:10C1B000914020239C1A0346E3401943904010BD50
:10C1C00010B5202A04DB0846203AD040002110BDDB
:10C1D0000B46D340D0402024A21A91400843194670
:10C1E00010BD10B5202A06DBCB170846203A1041B7
:10C1F000C1170B4306E00B461341D0402024A21A7E
:10C2000091400843194610BD002904DA401C49003A
:10C2100001D140084000704770B40024050C05D1DE
:10C220001024000402D1002921D01124050E01D1CF
:10C2300000020834050F01D10001241D850F01D132
:10C240008000A41C002801DB4000641C002908D0E9
:10C2500020252E1B0D46F540A14000D00121294389
:10C26000084301061B1B000ADB1D02D5002070BC21
:10C270007047DB05181880180029F8DA401C4900BF
:10C28000F5D170BC40084000704710B5002B08DAAB
:10C290000024401C614192185B411A4301D14008BF
:10C2A000400010BDF0B51FB482B005460C0003D0AD
:10C2B000084608F083F802E008F080F820300246D3
:10C2C000009021462846FFF76BFF049B059A044621
:10C2D0000F4618431143084314D0184610431BD08F
:10C2E000009840210A1A18460599FFF769FF05468C
:10C2F0000E46009A05990498FFF752FF084305D0AF
:10C30000012004E02046394607B0F0BD0020C117E7
:10C3100005430E432C43374300990E986305401A9A
:10C320007905E40A00220C43FD0A0A3002D50020F8
:10C330000146E9E70105101969410C9C0D9D0019A2
:10C340006941FFF7A2FFDFE74A0009030123090B58
:10C350001B0519430A4B10B5520D9A4202DA002010
:10C36000014610BD064B34339A4203DC9A1AFFF79C
:10C3700027FF10BD034BD218FFF712FF10BD0000BE
:10C38000FF030000CDFBFFFF10B5002904DB0124F3
:10C39000E40740428C412146002B04DB1C4601236C
:10C3A000DB075242A341994200D1904210BD0000E8
:10C3B0001CB5094800900948019005460126009CDB
:10C3C00005E0E36807CC33430C3C98471034AC429B
:10C3D000F7D3FFF779FA0000A8540300D8540300FC
:10C3E00070B58C180578401C6B075B0F01D1037882
:10C3F000401C2A1106D10278401C03E006780E701A
:10C40000401C491C5B1EF9D12B0705D40023521E8A
:10C410000DD40B70491CFAE70378401CCB1A921C10
:10C4200003E01D780D70491C5B1C521EF9D5A1421A
:10C43000D8D3002070BD80B590B00F900E910D92B2
:10C440000E9B0D990F9800910CA90BAA00F036F8DD
:10C450000E980C99C90040180A900E980B99C900C3
:10C46000401809900A98019000680290FFF7ACFD0F
:10C47000019907900F9849680491FFF73AFB0299D8
:10C480000390099805900068401AFFF79DFD01464A
:10C490000398FFF736FB0499024605980692406818
:10C4A000FFF727FB01460698FFF768FB0146079850
:10C4B000FFF7CEFA0890089810B080BD10B588B08C
:10C4C0000A9C079006910592049303A90020087026
:10C4D0000A98002804D1FFE703A92220087003E08E
:10C4E00003A92A200870FFE7079804994968FFF715
:10C4F00015FD002804D1FFE704984068079017E075
:10C500000798049A03A90978C9008918091F0968BE
:10C51000FFF720FD002809D1FFE7049903A8007860
:10C52000C0004018001F0068079000E0FFE7FFE729
:10C530000020029003A80078401E0190FFE70298B7
:10C54000401C0199884219DAFFE7029801994018C6
:10C55000C10F40184010009007980499009AD2002B
:10C5600089184968FFF7DAFC002803D1FFE7009833
:10C57000019002E000980290FFE7E0E70298069938
:10C58000086001980599086008B010BD1A48018834
:10C59000491C018001881948484319494018032162
:10C5A000C8411849884201D8FFE700E0FFE7124878
:10C5B000018815484843154940181549884201D853
:10C5C000FFE700E0FFE70C480188124848431249A2
:10C5D00040181249884201D8FFE700E0FFE706480B
:10C5E00000887D21C900884204DBFFE70249012061
:10C5F000088000E0FFE7704700C8FF1F295C8FC27A
:10C6000050B81E0514AE4701D712B9BF52DA8D00DB
:10C61000A4B41B01EFCD7AA245EA78008AD4F100D8
:10C620005C4901204874704780B58EB00DA9C320C5
:10C630008870564808800CA9002008800790069052
:10C640005348007803280FD1FFE70020049004F03E
:10C6500093F80498492104F0FBFB049804F09AF83D
:10C660004B49022008708FE049480078022808D121
:10C67000FFE700200DA903F06BFF4549012008707A
:10C6800081E04348007801280DD1FFE705A900208B
:10C690000390087003F024FF0398DD4A012111760E
:10C6A0003B4908706EE03A480078002869D1FFE7FE
:10C6B000D748007EC007002862D1FFE73449032035
:10C6C0000870D449FF200860D149019148790001E0
:10C6D0008979090941180CA801800088FFF780FCBE
:10C6E000CD4ACE4BFFF73AFB0022CD4BFFF79EFB26
:10C6F0000B910A900A980B99274A284BFFF796FB53
:10C700000991089008980999254A264BFFF774FA71
:10C710000246019802920A46029907920691202148
:10C72000405CC007002829D0FFE71F480022C260F4
:10C730008260069807991D4BFFF730FC002805D151
:10C74000FFE71A4807900020069002E00798069835
:10C75000FFE70698079900220092154BFFF7FEFAB3
:10C76000FFF752FC1049887308310520000202F0DF
:10C7700053FB0098A6492022885400E0FFE7FFE71A
:10C78000FFE7FFE7FFE7FFE70EB080BD01C3000052
:10C7900002C8FF1F94C9FF1F1E1E1E1E1E1EBE3F85
:10C7A000CDCCCCCCCCCCDC3F30CBFF1F0080394093
:10C7B00000002440B0B5A4B023A9C32088709048DD
:10C7C000088022A900200B900880219020908D499C
:10C7D0001BA81122FFF72AF90B981AA908708A4A98
:10C7E00015A918CA18C138CA38C1149013901290EC
:10C7F000119010908548007803280FD1FFE70020A2
:10C800000A9003F0B9FF0A98492104F021FB0A9825
:10C8100003F0C0FF7D4902200870EFE07B480078FC
:10C82000022808D1FFE7002023A903F091FE7749F1
:10C8300001200870E1E07548007801280DD1FFE77C
:10C840000FA900200990087003F04AFE0998FD4ADC
:10C85000012151766D490870CEE06C4800780028BF
:10C8600000D0C8E0F748407EC007002800D0C1E0F3
:10C87000664903200870F449FF200860F1494879AF
:10C88000000189790909411822A801800088FFF771
:10C89000A7FBEE4AEE4BFFF761FA00220792ED4B41
:10C8A000FFF7C4FA0246079808920A4608992192AF
:10C8B00020910EA90870FFE70EA80078042845DC37
:10C8C000FFE720980590219806900EA80078810037
:10C8D00015A84058FFF7BCFB024605980B46069981
:10C8E000FFF746FB002814D1FFE72098019021981C
:10C8F00002900EA80078810015A84058FFF7A8FB09
:10C90000024601980B460299FFF71AFA0390049128
:10C910000DE00EA80078810015A84058FFF798FB9D
:10C92000209A219BFFF70CFA03900491FFE70398EC
:10C930000499FFF7A1FB0EA909788A0010A9885075
:10C94000FFE70E98401C0EA90870B5E710980D90EF
:10C950000CA900200870FFE70CA8007804281BDC55
:10C96000FFE70CA80078810010A840580D99FFF748
:10C97000F1FA00280AD1FFE70CA80078810010A87E
:10C9800040580D900C981AA90870FFE7FFE70C9823
:10C99000401C0CA90870DFE71AA800780090042852
:10C9A00022D80098810001A040588746C1C90200E2
:10C9B000C9C90200D1C90200D9C90200E1C90200F7
:10C9C0001BA93020887210E01BA9312088720CE06E
:10C9D0001BA93220887208E01BA93320887204E06A
:10C9E0001BA93420887200E0FFE71BA8112106F084
:10C9F000C5FFFFE7FFE7FFE7FFE7FFE724B0B0BDB4
:10CA000001E30000E04C0300CC4C030003C8FF1F0F
:10CA100094C9FF1F58C8FF1FFCA9F1D24D621040F6
:10CA200000FC9F4080B596B015A9C320887082484D
:10CA3000088014A900200880119010900FA9087098
:10CA40000E907E490AA80F22FEF7F0FF7C4800787E
:10CA500003280FD1FFE70020089003F08DFE08980F
:10CA6000492104F0F5F9089803F094FE7449022076
:10CA70000870DEE072480078022808D1FFE7002045
:10CA800015A903F065FD6E4901200870D0E06C48DF
:10CA9000007801280DD1FFE709A900200790087050
:10CAA00003F01EFD0798F34A01219175644908704F
:10CAB000BDE063480078002800D0B7E0ED48807DF5
:10CAC000C007002800D0B0E05D4903200870EA49A3
:10CAD000FF200860E7494879000189790909411870
:10CAE00014A801800088FFF77BFAE44AE44BFFF7C3
:10CAF00035F90022E34BFFF799F913911290129840
:10CB00001399E14AE14BFFF749FA002801D1FFE709
:10CB100021E0129803901399049100224E4BFFF7E5
:10CB20001DF9039A049B05900691D748D749FFF752
:10CB300007F9024605980B460699FFF777F9119118
:10CB4000109010981199FFF797FAD1490122FFF739
:10CB500072FC0E90FFE70E980021FFF7EDF9002818
:10CB600013D1FFE70E98FFF773FA0022C94BFFF7C6
:10CB700043F8FFF749FA01460FA801700AAA2021DD
:10CB80001172007800F08AF910E00E98FFF760FA51
:10CB900002460B460020BF49FFF7D2F8FFF734FAF0
:10CBA0000FA908700AA92D200872FFE7B148807FFD
:10CBB000C00700281FD0FFE7B7480021C16081608F
:10CBC0000E98FFF7B9F9002805D1FFE70F98373025
:10CBD000B149087305E00F993720401AAE49087330
:10CBE000FFE7AD4908310520000202F015F9F149CF
:10CBF0000020887700E0FFE70FA8019000780A2165
:10CC00000091FFF755FA00990246019830320AABBD
:10CC100002935A720078FFF74BFA029830221143C0
:10CC200081720F2106F0AAFEFFE7FFE7FFE7FFE7AB
:10CC3000FFE716B080BDC04601D30000F14C0300F1
:10CC400004C8FF1F94C9FF1F58C8FF1FFCA9F1D2D9
:10CC50004D62104000FC9F400000244080B594B01D
:10CC600013A9C32088707E48088012A9002008807C
:10CC70000F900E900DA908700C90DD20C0430B9012
:10CC800078480A9078480990784808907848007861
:10CC900003280FD1FFE70020069003F06DFD0698F2
:10CCA000492104F0D5F8069803F074FD704902207C
:10CCB0000870D2E06E480078022808D1FFE7002013
:10CCC00013A903F045FC6A4901200870C4E06848D4
:10CCD000007801280DD1FFE707A900200590087012
:10CCE00003F0FEFB0598E94A0121D17560490870FF
:10CCF000B1E05F480078002800D0ABE0E348C07D99
:10CD0000C007002800D0A4E05949032008705A4900
:10CD1000FF200860DD494879000189790909411837
:10CD200012A801800088FFF75BF9544A544BFFF7C3
:10CD300015F80022534BFFF779F8119110901098D5
:10CD40001199514A514BFFF729F9002801D1FFE70A
:10CD500019E0109A0392119B04934B484B49FEF73C
:10CD6000EFFF024603980B460499FFF75FF80F9117
:10CD70000E900E980F99FFF77FF945490022FFF7B3
:10CD80005AFB0C90FFE70C980021FFF7D5F800281C
:10CD90000FD1FFE70C98FFF75BF900223D4BFEF740
:10CDA0002BFFFFF731F90DA9087008A92020487260
:10CDB00010E00C98FFF74CF902460B46002035496D
:10CDC000FEF7BEFFFFF720F90DA9087008A92D2076
:10CDD0004872FFE7AD48C07FC00700281FD0FFE7BB
:10CDE0002D480021C16081600C98FFF7A5F800284C
:10CDF00005D1FFE70D9828302749487305E00D99C4
:10CE00002820401A24494873FFE7234908310520A8
:10CE1000000202F001F89D490020C87700E0FFE71A
:10CE20000DA8019000780A210091FFF741F90099BF
:10CE300002460198303208AB02939A720078FFF7ED
:10CE400037F9029830221143C172102106F096FD85
:10CE5000FFE7FFE7FFE7FFE7FFE714B080BDC0464D
:10CE600001F30000222033357478743D7431352E7F
:10CE700005C8FF1F94C9FF1F58C8FF1FFCA9F1D2A6
:10CE80004D62104000FC9F406666666666660A401A
:10CE9000845203000000E03F30CBFF1F80B588B014
:10CEA000014607A80170002106910078402801DCA6
:10CEB000FFE775E007A80078562831DBFFE73E481A
:10CEC000069073480088FFF78BF804900591069848
:10CED000FFF7BEF8354A364BFEF740FF024604988E
:10CEE0000B460599FFF744F800280CD1FFE7069898
:10CEF000FFF7AEF82D4A2E4BFEF730FFFFF784F810
:10CF000063490880FFE7E4482D21405CC007002802
:10CF100005D1FFE7E0492D2201208854FFE73EE0DC
:10CF200007A80078FFF75CF8002201921D4BFEF77E
:10CF300015FF019A1C4BFEF75FFEFFF79DF8069068
:10CF4000E7480088FFF74CF8029003910698FFF736
:10CF50007FF8E14AE14BFEF701FF024602980B46DB
:10CF60000399FFF705F800280CD1FFE70698FFF7B3
:10CF70006FF8D94AD94BFEF7F1FEFFF745F8D849CB
:10CF80000880FFE7C4482D21405CC007002805D178
:10CF9000FFE7C1492D2201208854FFE7FFE7FFE7A3
:10CFA00008B080BD000012C00088784033333333AE
:10CFB0003393584094C9FF1F0000204180B582B0D0
:10CFC0003F48019003F02EFA3E4803F02BFA0198F7
:10CFD00003F00AFA002827D0FFE7AF482D21405C74
:10CFE000C007002805D1FFE7AB492D220120885456
:10CFF000FFE7BB480088002804D1FFE7B84927486D
:10D00000088010E0B64800882249884204DCFFE727
:10D01000B3490020088005E0B14908881E4A8018FD
:10D020000880FFE7FFE700E0FFE7264803F0DCF9B0
:10D03000002827D0FFE798482D21405CC007002832
:10D0400005D1FFE794492D2201208854FFE7A44829
:10D0500000881249884204DBFFE7A14900200880CC
:10D060000FE09F4801880E4A8918018000880B490B
:10D07000884204DBFFE7F5490848088000E0FFE745
:10D08000FFE700E0FFE702B080BDC04694C9FF1F84
:10D0900054C9FF1FD603000029FCFFFF66260000CD
:10D0A000D703000080B582B005482821019103F024
:10D0B00000FA0199034803F0FCF902B080BDC046B4
:10D0C00066C9FF1F6CC9FF1F80B594B012A900206C
:10D0D0000880119010A908700CA9FF200873D74888
:10D0E0000E90D7480D90D7480C906A4800780528D4
:10D0F0000FD1FFE700200B9003F03EFB0B98392186
:10D1000003F0A6FE0B9803F045FB6249042008706B
:10D11000BEE06048007804280DD1FFE713A9052080
:10D120000880002003F0EFF95B4901204875594958
:10D1300003200870ABE057480078032810D1FFE7C0
:10D140005548407DC007002808D1FFE75248407984
:10D15000534908704F490220087000E0FFE795E04E
:10D160004C48007802280CD1FFE713A9062008805C
:10D17000002003F0C8F94849012048754549087066
:10D1800083E04448007801287DD1FFE74248407D94
:10D19000C007002875D1FFE73F4840793F49087034
:10D1A0003C4A05201070AC4AFF2010603C480078D3
:10D1B00000020978411812A801800088FEF710FFCC
:10D1C00000220A92A54BFEF731FEFEF755FF1190A3
:10D1D0001198FEF73DFFA24AA24BFEF70DFD0A9AF9
:10D1E000A14BFEF7BBFDFEF70FFF014610A8017033
:10D1F0000078642826D1FFE710A807900078642102
:10D200000591FEF755FF05990246079830230893CC
:10D210001A430CAB0993DA710078FEF749FF084610
:10D220000A210691FEF744FF0699099B02460798DA
:10D2300030321A720078FEF73BFF089A09981143C2
:10D24000417219E00CA9049130200390C87110A814
:10D25000029000780A210191FEF72AFF0199049BB0
:10D260000246029830321A720078FEF721FF039AC4
:10D27000049811434172FFE70CA80D2106F07EFBD4
:10D2800000E0FFE700E0FFE7FFE7FFE7FFE7FFE77A
:10D2900014B080BD06C8FF1F94C9FF1F65C9FF1FDA
:10D2A00064C9FF1F80B582B0014601A801700078F3
:10D2B000652801DBFFE70CE001A80078FEF790FE8F
:10D2C000054A064BFEF74AFDFEF79EFE5F490880C1
:10D2D000FFE702B080BDC046333333333393584049
:10D2E00054C9FF1F80B596B013A9002008700FA97C
:10D2F000FF200873514811905148109051480F90E9
:10D300005148007802280FD1FFE700200D9003F06C
:10D3100033FA0D98392103F09BFD0D9803F03AFA8A
:10D3200049490120087086E047480078012800D06C
:10D3300080E046480B900178454A0A921170407887
:10D34000444A107015A90520087000200C9003F0C5
:10D350003FFE0A9A0C9814A906230B7003F038FEBE
:10D360000B983D4AFF211160374A02211170008855
:10D37000FEF736FE0C9A394BFEF758FDFEF77CFEA1
:10D380000E900E98FEF764FE354A364BFEF734FCDD
:10D390000C9A354BFEF7E2FCFEF736FE014613A869
:10D3A00001700078642826D1FFE713A80790007861
:10D3B00064210591FEF77CFE05990246079830230B
:10D3C00008931A430FAB0993DA710078FEF770FEE9
:10D3D00008460A210691FEF76BFE0699099B024654
:10D3E000079830321A720078FEF762FE089A0998A0
:10D3F0001143417219E00FA9049130200390C871C4
:10D4000013A8029000780A210191FEF751FE0199BC
:10D41000049B0246029830321A720078FEF748FEEA
:10D42000039A049811434172FFE70FA80D2106F0FB
:10D43000A5FAFFE7FFE716B080BDC0460000FFFF7A
:10D44000616C3D006E322E7607C8FF1F54C9FF1F66
:10D450007FC9FF1F7EC9FF1F58C8FF1F0033C3408D
:10D460007B14AE47E17A743F0000594080B500203C
:10D4700000F0BEFF80BD80B5012000F0B9FF80BD87
:10D4800080B588B01C2002900421039102F0F4FAC8
:10D4900002980121069102F0F5FC029805F060F86F
:10D4A000029804F00FFF1A490020079000F000FED8
:10D4B000039A07980B2104F03FFB039A07980A216F
:10D4C00004F03AFB0798134A0721049100F07AFF11
:10D4D0000499079B009318461A4601F075F90699BE
:10D4E0001420059006F0ACFE059806F017FE07998B
:10D4F000094A084600F0C8F90799084601F0A6FE57
:10D5000006990798C94301F059FE08B080BDC0468E
:10D510000CC8FF1F1D1F0300B4C8FF1F84B0039079
:10D5200002910398810081484058019000200090AA
:10D530000298019909687F221140884204D8FFE7C8
:10D540000298402803D3FFE70120009017E00198DC
:10D5500000688000C00F002810D0FFE702980199F2
:10D56000496B490D7822114008318908491D8842CC
:10D5700003D8FFE701200090FFE7FFE7FFE70098EF
:10D5800004B0704784B00390029103988100E5488D
:10D590004058019002991F200140012088400090CE
:10D5A00002981F2804D8FFE700980199086303E058
:10D5B00000980199C862FFE704B0704787B00690F1
:10D5C00006988100D6484058059006988100D548B5
:10D5D00040580490012210020290402001900498CB
:10D5E000803000900599486B120710434863002073
:10D5F0000390FFE70398029988420AD2FFE7009957
:10D600000398820000208850FFE70398401C039095
:10D61000F0E704981121C901401800900020039000
:10D62000FFE70398019988420BD2FFE7009903981E
:10D6300082000020C0438850FFE70398401C0390FD
:10D64000EFE7049A0020C1431161049A5161049AE2
:10D650009161049A916406998A00B149895815220A
:10D66000D201891800910390FFE7039805280AD892
:10D67000FFE700990398820000208850FFE7039895
:10D68000401C0390F1E706988100A54840585521B9
:10D6900049014018009000200390FFE703980328F9
:10D6A0000BD8FFE70099039882000020C043885000
:10D6B000FFE70398401C0390F0E706988100984824
:10D6C0004058AB2109014018009000200390FFE76B
:10D6D00003980B280AD8FFE70099039882000020DE
:10D6E0008850FFE70398401C0390F1E706988100FB
:10D6F0008B4840580E494018009000200390FFE7E7
:10D70000039835280AD8FFE7009903988200002083
:10D710008850FFE70398401C0390F1E70599486B98
:10D72000012212079043486307B07047705103000D
:10D73000280F000085B004900391029204980828F5
:10D7400005D8FFE7049801900498009040E0049801
:10D750000C2805D8FFE7092001900C20009036E046
:10D760000498102805D8FFE70A20019010200090A7
:10D770002CE00498142805D8FFE70B200190142012
:10D78000009022E00498182805D8FFE70C200190AB
:10D790001820009018E00498202805D8FFE70D20F5
:10D7A0000190202000900EE00498302805D8FFE773
:10D7B0000E2001903020009004E00F2001904020C6
:10D7C0000090FFE7FFE7FFE7FFE7FFE7FFE7FFE77F
:10D7D0000398002804D0FFE7019803990860FFE749
:10D7E0000298002804D0FFE7009802990860FFE73C
:10D7F00005B0704783B0014602A8017001AA00215C
:10D8000011700078082804D8FFE7029801A9087071
:10D8100036E002A800780938009006282ED8009833
:10D82000810001A04058874645D802004DD802002B
:10D8300055D802005DD8020065D802006DD80200FC
:10D8400075D8020001A90C20087018E001A9102069
:10D85000087014E001A91420087010E001A9182034
:10D8600008700CE001A92020087008E001A9302010
:10D87000087004E001A94020087000E0FFE7FFE71E
:10D8800001A8007803B0704780B590B00F900E915A
:10D890000D920F988100224840580C900F988100FB
:10D8A000204840580B9000200A900C990968C90143
:10D8B000C90F09910590049003900B98E0300290F5
:10D8C0000C98406B400D782108400830069009986C
:10D8D00000280AD1FFE70F9800F080FA002803D053
:10D8E000FFE701200A90FFE7FFE70A98002800D031
:10D8F000DFE10C99086B0122104308630E98019038
:10D90000032800D9C5E10198810001A0405887464D
:10D9100029D90200C9D90200F5DA02007DDC020033
:10D9200070510300785103000E9A0C990868920711
:10D93000920D03231B029843801808600020089072
:10D94000FFE70898069988423DD2FFE70020039040
:10D950000D98089A0C2151434058012804D1FFE743
:10D960000120C0070390FFE70D98089A0C2151434E
:10D9700040184068012813D1FFE703980121890767
:10D980000843039003980D99089A0C235343C91830
:10D990008968C900890808430299920088500DE0FF
:10D9A00003980D99089A0C235343C91889684905AF
:10D9B00089080843029992008850FFE7FFE708981A
:10D9C000401C0890BDE765E10E9A0C990868920723
:10D9D000920D03231B0298438018086000200790D3
:10D9E0000890FFE708980699884200D381E000205C
:10D9F000059004900D98079A0C2151434058012836
:10DA000004D1FFE70120C0070590FFE70D99079AB1
:10DA10000C2050434018C068012804D1FFE70120C2
:10DA2000C0030490FFE70D98079A0C21514340185A
:10DA30004068012815D1FFE70598012189070843AF
:10DA4000059005980D99079B0C225A4389188968FF
:10DA5000994A1140490008430299089A9200885057
:10DA60000EE005980D99079B0C225A438918896886
:10DA70004905890808430299089A92008850FFE7EF
:10DA80000D99079A0C20504340180069012817D1BE
:10DA9000FFE704980121890308430490049B0D9932
:10DAA000079A0C2050434018406983490840C00B36
:10DAB000034302990898820088581843885010E060
:10DAC00004980D9A079B0C21594389184969490507
:10DAD000890C431802990898820088581843885086
:10DAE000FFE70798801C0790FFE70898401C089004
:10DAF00078E7CFE00E9A0C9908689207920D0323FD
:10DB00001B02984380180860002007900890FFE7E8
:10DB100008980699884200D3AFE00D98079A0C2127
:10DB200051434018406801280FD1FFE70D98079A2C
:10DB30000C21514340188068400D03060299089853
:10DB400082008858184388500EE00D98079A0C21DF
:10DB5000514340188068C008030602990898820063
:10DB6000885818438850FFE70D99079A0C205043B6
:10DB700040180069012811D1FFE70D99079A0C2080
:10DB8000504340184069FF21490508404309029964
:10DB90000898820088581843885010E00D99079A19
:10DBA0000C20504340184069FF21C900084043033E
:10DBB000029908988200885818438850FFE70D9909
:10DBC000079A0C2050434018C069012811D1FFE783
:10DBD0000D99079A0C2050434018006AFF2149050F
:10DBE0000840430B029908988200885818438850CF
:10DBF00010E00D99079A0C2050434018006AFF214D
:10DC0000C9000840430102990898820088581843C7
:10DC10008850FFE70D99079A0C2050434018806AFE
:10DC2000012811D1FFE70D99079A0C2050434018A5
:10DC3000C06AFF2149050840430D029908988200F7
:10DC400088581843885010E00D99079A0C205043CB
:10DC50004018C06AFF21C9000840C308029908980B
:10DC60008200885818438850FFE70798001D0790E6
:10DC7000FFE70898401C08904AE70BE00E9A0C99C1
:10DC800008689207920D03231B02984380180860CE
:10DC900000E0FFE7099800280AD1FFE70F9800F09D
:10DCA000F7F8002803D0FFE701200A90FFE7FFE71D
:10DCB000FFE70A9810B080BD0080FF1F84B003907A
:10DCC00003988100DF4840580290002001900090A6
:10DCD00002980068C00F002823D1FFE70299086866
:10DCE0000122D20710430860FFE701987E4988426D
:10DCF0000ED8FFE70198401C019002980068C0020E
:10DD0000C00F002803D0FFE70020009000E0ECE700
:10DD100001983149884203D3FFE701200090FFE7D3
:10DD2000FFE7009804B0704710B582B001900198E9
:10DD30008100DE48405800900099486B012462073A
:10DD400010434863009957204301C858E407A04393
:10DD5000C8500099C8588024A043C8500099486B07
:10DD60009043486302B010BD84B0039003988100D3
:10DD7000CE48405802900020019000900298006820
:10DD8000C002C00F002823D0FFE7029908680122D3
:10DD9000D20790430860FFE70198534988420ED8A4
:10DDA000FFE70198401C019002980068C002C00F74
:10DDB000002803D1FFE70020009000E0ECE7019885
:10DDC0000549884203D3FFE701200090FFE7FFE702
:10DDD000009804B07047C0461027000084B003903C
:10DDE00003988100B1484058029000200190012220
:10DDF000009202990868930718430860029908681E
:10DE000012071043086002980068C00F002807D06E
:10DE1000FFE7029908680122D20790430860FFE7F4
:10DE2000FFE70198184988420CD8FFE70198401C89
:10DE30000190029800680001C00F002801D0FFE7A0
:10DE400000E0EEE701981149884203D3FFE7012083
:10DE5000009016E000200190FFE701980A498842EF
:10DE60000ED8FFE70198401C019002980068C0019D
:10DE7000C00F002803D0FFE70020009000E0ECE78F
:10DE8000FFE7009804B070473F4B4C00404B4C00FC
:10DE900084B0039003988100844840580290002089
:10DEA00001900122009202990868130798430860C4
:10DEB00002990868920790430860FFE701980A49B1
:10DEC00088420ED8FFE70198401C01900298006834
:10DED000C001C00F002803D1FFE70020009000E040
:10DEE000ECE7009804B070470F27000080B588B0B9
:10DEF000079005A9019108200870012000904002B8
:10DF000004900798002100F09FF801990690069868
:10DF100009784018039004980399FEF7C9F800990E
:10DF20000290079800F090F80199069006980978F9
:10DF30004018039004980399FEF7BAF80146029836
:10DF40004018029002A8007808B080BD10B590B0CB
:10DF50000F900EA801700D920C930F9881005348FA
:10DF600040580B9009A90820087001204002089031
:10DF7000002003900D98002804D0FFE70D990020A1
:10DF80000860FFE70F980021029100F05DF801465C
:10DF90000AA80170007809A9097840180690089825
:10DFA0000699FEF785F801460298059107900EA89C
:10DFB0000078059988422FD3FFE705990E98401AFB
:10DFC0000EA9019108700F980121009100F03CF812
:10DFD00001460AA80170007809A90978401806903E
:10DFE00008980699FEF764F8009902460198059290
:10DFF0004902079100780599884203D3FFE7012081
:10E00000039008E00D98002804D0FFE70D99012047
:10E010000860FFE7FFE7FFE7039800280ED1FFE75E
:10E0200007980EA90A7806995143401804900B9856
:10E030000499401880300C990860FFE7039810B0ED
:10E0400010BDC0467051030084B003900291039844
:10E050008100D64840580190019800680005C00F23
:10E0600000281BD0FFE7029800280BD1FFE701989A
:10E070000321890240588003800FC11C0120884081
:10E0800000900AE00198032189024058C002800FE5
:10E09000C11C012088400090FFE702E008200090AA
:10E0A000FFE76846007804B07047C046705103002F
:10E0B000B0B588B00790069107988100BB484058DA
:10E0C000059007988100BA484058049000200390BA
:10E0D00005980068C00F002815D1FFE70798FFF7E3
:10E0E0007DFE002803D0FFE7012003900AE0079897
:10E0F000FFF7E4FD002803D0FFE70120039000E0D4
:10E10000FFE7FFE7FFE70398002837D1FFE707980D
:10E11000FFF72AFE002803D0FFE7012003902CE040
:10E120000798FFF75BFE002803D0FFE7012003906C
:10E1300022E0059908680122520610430860002079
:10E140000290FFE702989B4988420CD8FFE70298AB
:10E15000401C0290059800688001C00F002801D182
:10E16000FFE700E0EEE702989349884203D3FFE718
:10E1700001200390FFE7FFE7FFE7FFE70398002890
:10E1800000D085E00599086801242203019210431C
:10E1900008600798FFF712FA019B04990020886233
:10E1A000049948620499C04308630499C8620499B9
:10E1B0008248086204990D200004814A885006981C
:10E1C000826A05990868D207120DE502A8438018F3
:10E1D0000860059908682204104308600698826A5E
:10E1E0000599086DD207E507A843801808650599C9
:10E1F000032082028858E403A04388500698826A6C
:10E200000599486BD207D20C98438018486306984A
:10E21000806A01282FD1FFE70698C36A0599032475
:10E22000A20288589B079B0B2504A843C01888505E
:10E230000698036B059988589B07DB0AE404A04302
:10E24000C018885007980699143100F013FE012871
:10E2500003D1FFE7012003900CE0079806993431C1
:10E2600000F098FE012803D1FFE70120039000E0B1
:10E27000FFE7FFE70BE007980699143101F026F855
:10E28000012803D1FFE701200390FFE7FFE7FFE745
:10E29000039800281FD1FFE70698006800900798B0
:10E2A000FFF724FE01460098884205D8FFE706984C
:10E2B0000068412803D3FFE7012003900AE0069895
:10E2C0000068421E059908687F231A409843801809
:10E2D0000860FFE7FFE7039800284AD1FFE70698A8
:10E2E0000069022807D0FFE7059908680122520457
:10E2F00010430860FFE706984068012829D1FFE72E
:10E300000698806A012803D1FFE7012003901FE0EF
:10E310000599086801235A07104308600698826827
:10E320000599486B120712090F242406A043801890
:10E3300048630698C26805990868D207120CDB0387
:10E3400098438018086004990020C0438864FFE760
:10E350000EE005990868012252079043086006986C
:10E36000C068012803D1FFE701200390FFE7FFE722
:10E37000FFE70398002816D1FFE7059908680122F6
:10E3800092041043086007980699096900F090FE0E
:10E39000002803D0FFE70120039003E00798FFF770
:10E3A000C3FCFFE7FFE7039808B0B0BD705103005E
:10E3B000785103000F2700001027000007001B0002
:10E3C000FC0A000083B002900191009201980F288E
:10E3D00001D3FFE709E0009802998A01F9498918F9
:10E3E000019A920089184860FFE703B07047C04661
:10E3F00080B590B00F900F988100EB48405808907E
:10E400000F988100E94840580790089800687F21DC
:10E410000840401C06900798016A0F988200E44863
:10E4200081500F99890040580E900E980F998A00DC
:10E43000E049895808400E900E980799086207989D
:10E44000DD4A80580D900D99079857235B01C058FD
:10E4500008400D21090408400D900D980799885037
:10E460000798D64A80580C900C9907980B231B02EA
:10E47000C05808400321090408400C900C980799E3
:10E4800088500798006B0B900798816A0B9808409A
:10E490000B900798C06A0A900798416A0A9808404A
:10E4A0000A900B98002800D197E00698212803D302
:10E4B000FFE72020029002E006980290FFE7029812
:10E4C000059000200490FFE704980599884200D346
:10E4D00082E00B980499C840C007002877D0FFE776
:10E4E000089800688000C00F002853D0FFE7049808
:10E4F00007284FD8FFE70498052816D1FFE70F98A3
:10E500008101B0484018006A002807D0FFE70F9843
:10E510008101AC484018006A804705E00799886A85
:10E52000202290438862FFE7FFE70498062816D16F
:10E53000FFE70F988101A3484018406A002807D0E0
:10E54000FFE70F9881019F484018406A804705E027
:10E550000799886A402290438862FFE7FFE70498A2
:10E56000072816D1FFE70F98810196484018806A66
:10E57000002807D0FFE70F98810192484018806A71
:10E58000804705E00799886A802290438862FFE708
:10E59000FFE716E00F9881018A484058002807D00D
:10E5A000FFE70F988101874841580498884707E0A2
:10E5B0000498012282400799886A90438862FFE7A5
:10E5C000FFE704990120884007990863FFE7FFE708
:10E5D0000498401C049077E7FFE7069821283AD377
:10E5E000FFE70A98002835D0FFE706982038059005
:10E5F00000200390FFE703980599884229D2FFE79E
:10E600000A980399C840C007002818D0FFE70F9860
:10E6100081016C484058002808D0FFE70F9881011D
:10E620006848415803982030884707E00398012242
:10E6300082400799886A90438862FFE7FFE7039961
:10E64000012088400799C862FFE70398401C0390A7
:10E65000D1E7FFE7FFE700200990FFE709980928C5
:10E660002FD8FFE70E9809998A0055498958084222
:10E6700022D0FFE70F98810152484018099989007C
:10E680004018406800280AD0FFE70F9881014D48E4
:10E690004018099989004018406880470BE00F989E
:10E6A000099900230093012200F08EF8002801D080
:10E6B000FFE7FFE7FFE7FFE7FFE70998401C099046
:10E6C000CCE70A200990FFE709980C282FD8FFE72C
:10E6D0000D9809998A003A498958084222D0FFE7E3
:10E6E0000F988101374840180999890040184068FF
:10E6F00000280AD0FFE70F98810132484018099995
:10E7000089004018406880470BE00F980999002362
:10E710000093012200F058F8002801D0FFE7FFE73E
:10E72000FFE7FFE7FFE70998401C0990CCE70D20C1
:10E730000990FFE709980E282FD8FFE70C98099950
:10E740008A001F498958084222D0FFE70F988101AB
:10E750001C484018099989004018406800280AD0D0
:10E76000FFE70F9881011748401809998900401860
:10E77000406880470BE00F9809990023009301221D
:10E7800000F022F8002801D0FFE7FFE7FFE7FFE7EE
:10E79000FFE70998401C0990CCE70F9882000449D4
:10E7A0000020885010B080BD7051030078510300E4
:10E7B000D8C9FF1FE0C9FF1FFC0A0000080B0000BA
:10E7C000F4500300E8C9FF1F70B58AB00E9C099091
:10E7D00008910792069309988100264840580590B1
:10E7E000099881002448405804900020039005981F
:10E7F0000068C001C00F0290029800280AD1FFE70C
:10E800000998FFF7EBFA002803D0FFE701200390F7
:10E81000FFE7FFE70398002800D0EBE1089801909C
:10E82000102800D9D6E10198810001A04058874600
:10E83000B3E80200B3E8020009E9020009E90200B6
:10E8400077E9020077E90200CDE9020023EA02003D
:10E8500023EA020023EA020051EA020051EA020020
:10E8600051EA0200A1EA0200A1EA02007DE80200EA
:10E87000D7EA02007051030078510300079800287E
:10E880000BD1FFE7069A0499886A104388620E9AB2
:10E890000499486A104348620AE0069A0499886A13
:10E8A000904388620E9A0499486A90434862FFE751
:10E8B00091E10798002813D1FFE708988100D1481B
:10E8C0004258049948681043486008988100CE482F
:10E8D000435809988200C94988581843885012E063
:10E8E00008988100C7484258049948689043486096
:10E8F00008988100C448435809988200BF49885845
:10E9000098438850FFE766E10798002819D1FFE790
:10E910000599086801225205104308600898810093
:10E92000B8484258049948681043486008988100E4
:10E93000B548435809988200B04988581843885010
:10E9400018E005990868012252059043086008986C
:10E950008100AC4842580499486890434860089840
:10E960008100A948435809988200A44988589843CF
:10E970008850FFE72FE10798002813D1FFE7089898
:10E980008100A04842580499486B10434863089896
:10E9900081009D4843580998820098498858184337
:10E9A000885012E008988100964842580499486BB4
:10E9B000904348630898810093484358099882001F
:10E9C0008E49885898438850FFE704E1079800284B
:10E9D00013D1FFE7089881008A48425804990868D3
:10E9E00010430860089881008748435809988200BE
:10E9F000824988581843885012E00898810081485D
:10EA000042580499086890430860089881007E483D
:10EA10004358099882007949885898438850FFE7FD
:10EA2000D9E00798002809D1FFE7089881007548C8
:10EA300042580499886A1043886208E00898810067
:10EA4000704842580499886A90438862FFE7C2E0A0
:10EA50000599486B01235A071043486305995720CD
:10EA600042018858DB0798438850079800280BD14B
:10EA7000FFE70898810063484358049957204201F2
:10EA80008858184388500AE0089881005D48435828
:10EA9000049957204201885898438850FFE79AE02C
:10EAA000079800280BD1FFE7089881005548435884
:10EAB00004990B2002028858184388500AE00898ED
:10EAC00081005048435804990B200202885898430B
:10EAD0008850FFE77FE0079800283ED1FFE70499C0
:10EAE000886A0020C043886204994A6A486204998F
:10EAF000486833229202104348600499486B03230C
:10EB00009A07104348630599486B01225407204334
:10EB100048630599572044010859D507A84308516F
:10EB2000049908590D252D042843085105990868B2
:10EB30009406204308600599086852051043086050
:10EB400004990B20020288581B0418438850099826
:10EB500082002A492A4888503BE00499886A0020AC
:10EB6000886204994A6A4862049A516833239B0276
:10EB700099435160049A516B0324A307994351634D
:10EB8000059A516B01235D0729435163059A57216B
:10EB90004D015159DE07B1435151049A51590D2687
:10EBA0003604B1435151059A11689D06A94311607D
:10EBB000059A11685B0599431160049A0B210B02B9
:10EBC000D1582404A143D15009998A000B49885097
:10EBD000FFE700E0FFE7029800280AD1FFE7099865
:10EBE000FFF756F9002803D0FFE701200390FFE765
:10EBF000FFE7FFE703980AB070BDC046E0C9FF1FFA
:10EC000007001B0034510300F450030080B58CB0A2
:10EC10000B900A910B98810055484058099009982B
:10EC200080300490049800680003000FFEF7E2FDB6
:10EC3000014605A80170007802900B980021FFF7AB
:10EC400003FA01460298884207DDFFE70B9800218E
:10EC5000FFF7FAF905A90870FFE705980A99482215
:10EC60008854049800680A99086004980068800233
:10EC7000C00F002808D0FFE7049840680721490723
:10EC800088430A99486006E004984068C000400D37
:10EC90000A994860FFE705A80078800807A908706E
:10ECA00008A900200870FFE708A8007807A90978DC
:10ECB000884233DAFFE7049808A901910A789200A4
:10ECC00080188068000E0A9A0B789B00D218107288
:10ECD00004980A78920080188068000C0A9B0A78D1
:10ECE0009200D218507204980A78920080188068B6
:10ECF000000A0A9B0A789200D218907204980A7847
:10ED00009200801880680A9A097889008918C87268
:10ED1000FFE70898401C08A90870C5E70498083068
:10ED200003900798800008A90870FFE708A80078FA
:10ED300005A90978884218DAFFE708AA11783C2368
:10ED40000846184003231940401AC01C06A9087041
:10ED500003980978405C0A99127889180872FFE7CD
:10ED60000898401C08A90870E0E70CB080BDC046B8
:10ED700078510300B0B58EB0059101460598129CFC
:10ED80000D910CA908700B920A93002006900D9823
:10ED9000097809AA08ABFFF7D9F8012803D1FFE7E2
:10EDA0000120069035E00D980CA90978FEF7B6FB16
:10EDB000012803D1FFE70120069029E008980068A8
:10EDC0000001000F0790079800280BD0FFE7079875
:10EDD000082807D0FFE70798092803D0FFE702209B
:10EDE000069014E00D980CA904910978FEF7CAFB6F
:10EDF00004990D9809780B9A0A9B129C002502959C
:10EE00000C250195009400F0EBFA0690FFE7FFE770
:10EE1000FFE706980EB0B0BD80B584B003900291B4
:10EE2000114800780E2805DCFFE70F490878401CE0
:10EE3000087003E00C490A200870FFE703980521D9
:10EE40000902884204D1FFE708490120087200E066
:10EE5000FFE705480178039B02980090044A0020D0
:10EE6000FFF788FF04B080BD08C8FF1F30CBFF1F2D
:10EE70003CC9FF1F10B586B005900491059881002C
:10EE8000F0484058039003980068C001C00F0290FA
:10EE900000200190029800280AD1FFE70598FEF7AC
:10EEA0009DFF002803D0FFE701200190FFE7FFE767
:10EEB0000198002855D1FFE704980068002814D075
:10EEC000FFE70498406800280FD0FFE704988068A7
:10EED00000280AD0FFE70498C068002805D0FFE7A3
:10EEE00004980069002803D1FFE70120019037E072
:10EEF00004980068421E0399086D9206120C3F2385
:10EF00009B0298438018086504988068421E039904
:10EF1000086D1F231A4098438018086504984068BC
:10EF2000421E0399086DD206920D5C01A043801821
:10EF300008650498C068421E0399086D920552083E
:10EF4000134C20408018086504980069421E0399FC
:10EF5000086DD206D20A1B04984380180865FFE7A3
:10EF6000FFE7019800280FD1FFE7029800280AD197
:10EF7000FFE70598FEF78CFF002803D0FFE701208C
:10EF80000190FFE7FFE7FFE7019806B010BDC0461C
:10EF9000FFFF1F80B0B586B00590049105988100F1
:10EFA000C9484058039003980068C001C00F029000
:10EFB00000200190029800280AD1FFE70598FEF78B
:10EFC0000DFF002803D0FFE701200190FFE7FFE7D6
:10EFD0000198002864D1FFE704980068002814D045
:10EFE000FFE70498406800280FD0FFE70498806886
:10EFF00000280AD0FFE70498C068002805D0FFE782
:10F0000004980069002803D1FFE70120019046E041
:10F01000049803680399244A00928858DB065B0C25
:10F020001F24A402A043C018885004988068431E7F
:10F030000399885807242340A043C0188850049897
:10F040004068431E039988585B071B0EE025A843C0
:10F05000C01888500498C068431E039988589B05BF
:10F060009B08124D2840C018885004980069431E20
:10F07000039988585B075B0B2404A043C018885091
:10F08000029800280AD1FFE70598FEF701FF002843
:10F0900003D0FFE701200190FFE7FFE7FFE7FFE76D
:10F0A000019806B0B0BDC046040C0000FFFF0FC0C1
:10F0B00080B586B00590049105988100C7484058F6
:10F0C00003900020029003980068C001C00F0190D7
:10F0D000019800280AD1FFE70598FEF77FFE002877
:10F0E00003D0FFE701200290FFE7FFE70298002826
:10F0F00061D1FFE70498009004284CD80098810063
:10F1000001A040588746C0461DF102003FF10200B1
:10F1100057F1020087F1020089F102000399486863
:10F1200008229043486003994868012213039843DA
:10F13000486003990868D205904308602CE0039961
:10F140004868082210434860039948680122120366
:10F150009043486020E00399486808229043486043
:10F160000399486801231A0310434860039908680B
:10F170005A04904308600399032082028858DB03F5
:10F180009843885008E007E0039908680122D207F5
:10F190001043086000E0FFE7049803280AD0FFE767
:10F1A0000598FEF775FE002803D0FFE701200290C6
:10F1B000FFE7FFE7FFE7029806B080BD80B586B0A5
:10F1C0000590049105988100844840580390059863
:10F1D00081001D484058029000200190039800686B
:10F1E000C001C00F0090009800280AD1FFE70598E1
:10F1F000FEF7F4FD002803D0FFE701200190FFE7B0
:10F20000FFE7019800281AD1FFE703980068800003
:10F21000C00F002804D0FFE7049802998864FFE734
:10F22000009800280AD1FFE70598FEF731FE002874
:10F2300003D0FFE701200190FFE7FFE7FFE7019818
:10F2400006B080BD705103007851030080B586B0D0
:10F2500005900491059881006048405803900398F8
:10F260000068C001C00F02900020019002980028A1
:10F270000AD1FFE70598FEF7B1FD002803D0FFE7AC
:10F2800001200190FFE7FFE70198002819D1FFE76F
:10F29000049A03990868D207D20B01231B049843F0
:10F2A00080180860029800280AD1FFE70598FEF749
:10F2B000EFFD002803D0FFE701200190FFE7FFE703
:10F2C000FFE7019806B080BD7051030010B586B00D
:10F2D0000590049105988100ED4840580390002066
:10F2E000029003980068C001C00F019001980028A7
:10F2F0000AD1FFE70598FEF771FD002803D0FFE76C
:10F3000001200290FFE7FFE70298002863D1FFE7A2
:10F3100004980068002814D0FFE70498406800288B
:10F320000FD0FFE70498806800280AD0FFE7049810
:10F33000C068002805D0FFE704980069002803D1C1
:10F34000FFE70120029045E004980068421E0399FF
:10F35000486807231A4098438018486004988068DA
:10F36000421E039948685207520B1C04A0438018A0
:10F37000486004984068421E039948685207920A00
:10F38000DB049843801848600498C068000603991D
:10F390004B68FF2212069343C018801848600498F7
:10F3A0000069421E039948689207120A03239B05CD
:10F3B000984380184860019800280AD1FFE7059813
:10F3C000FEF766FD002803D0FFE701200290FFE76B
:10F3D000FFE7FFE7FFE7029806B010BD705103009A
:10F3E000B0B590B00C4601461698159D149D0F912E
:10F3F0000EA90C700D920C930BAA10700F9882003E
:10F40000A34880580A90002001900F98097804AA18
:10F4100003ABFEF79BFD012803D1FFE7012001901C
:10F4200033E10D980079412803D3FFE701200190D3
:10F430002AE10398083002900F980EA90978FEF788
:10F440006DF8012803D1FFE7012001901BE10A9824
:10F4500000680005C00F00280FD0FFE70D98406935
:10F46000012809D1FFE70A99032082028858012365
:10F47000DB0718438850FFE7FFE70D9800790090FD
:10F480000F980499FEF7E0FD01460098884203DDDD
:10F49000FFE701200190F5E00D98007906A905AA83
:10F4A000FEF748F9149800286ED0FFE70D98007910
:10F4B000800808A9087009A900200870FFE709A8BA
:10F4C000007808A90978884218DAFFE7149809A992
:10F4D00009788A008118805C00064B781B04C018EC
:10F4E0008B781B02C018C978401803998918886066
:10F4F000FFE70998401C09A90870E0E70898800018
:10F5000009A90870FFE709A800780D9909798842D0
:10F5100017DAFFE709A90A783C23104618400323AD
:10F520001A40801AC01C07AA107014980978405C11
:10F53000029912788854FFE70998401C09A90870BD
:10F54000E1E70D98007909A90870FFE709A800789C
:10F5500005A90978884216DAFFE709A801783C2254
:10F560000846104003221140401AC01C07AA107020
:10F570000D98007C029912788854FFE70998401C86
:10F5800009A90870E2E7FFE70399002008600399E2
:10F590004860069A039908681207120B0F231B0490
:10F5A0009843801808600D980068012818D1FFE77B
:10F5B0000C98394B1840039948600B9A0399486896
:10F5C00052071840801848600399086801225305C3
:10F5D00018430860039908689205904308601DE08D
:10F5E0000C9A039948685205D2082A4B1840801893
:10F5F00048600B9A03994868520707235B079843B2
:10F6000080184860039908680122530598430860F0
:10F6100003990868920590430860FFE70D98806899
:10F62000012807D1FFE7039908680122120510435A
:10F630000860FFE7039908680F22120690430860EC
:10F640000D98C068012807D1FFE7039908680122D7
:10F65000D20710430860FFE70D98426903990868D4
:10F66000D207520801239B07984380180860159A17
:10F6700003990868120712090F231B069843801884
:10F680000860FFE7FFE7FFE7FFE7019810B0B0BDB4
:10F6900070510300FFFF03E0FFFFFF1F0A480068EF
:10F6A000C00F002805D0FFE75B2000060649086070
:10F6B000FFE705490868012253029843086008687B
:10F6C000D2071043086070471C40064080B58AB0DE
:10F6D0000990089109988008079007988100CB4805
:10F6E0004058069000200590012004900998001FC2
:10F6F0000390832800D982E10398810001A040583B
:10F700008746C04615F90200FFF90200FFF9020022
:10F71000FFF9020015F90200FFF90200FFF90200EB
:10F72000FFF9020015F90200FFF90200FFF90200DB
:10F73000FFF9020015F90200FFF90200FFF90200CB
:10F74000FFF9020015F90200FFF90200FFF90200BB
:10F75000FFF9020015F90200FFF90200FFF90200AB
:10F76000FFF902006DF90200FFF90200FFF9020043
:10F77000FFF902006DF90200FFF90200FFF9020033
:10F78000FFF9020015F90200FFF90200FFF902007B
:10F79000FFF9020015F90200FFF90200FFF902006B
:10F7A000FFF9020015F90200FFF90200FFF902005B
:10F7B000FFF9020015F90200FFF90200FFF902004B
:10F7C000FFF9020015F90200FFF90200FFF902003B
:10F7D000FFF9020015F90200FFF90200FFF902002B
:10F7E000FFF9020015F90200FFF90200FFF902001B
:10F7F000FFF9020015F90200FFF90200FFF902000B
:10F80000FFF9020015F90200FFF90200FFF90200FA
:10F81000FFF9020015F90200FFF90200FFF90200EA
:10F82000FFF90200FFF90200FFF90200FFF90200F0
:10F83000FFF90200FFF90200FFF90200FFF90200E0
:10F84000FFF90200FFF90200FFF90200FFF90200D0
:10F85000FFF90200FFF90200FFF90200FFF90200C0
:10F86000FFF90200FFF90200FFF90200FFF90200B0
:10F87000FFF9020015F90200FFF90200FFF902008A
:10F88000FFF9020015F90200FFF90200FFF902007A
:10F89000FFF9020015F90200FFF90200FFF902006A
:10F8A000FFF9020015F90200FFF90200FFF902005A
:10F8B000FFF9020015F90200FFF90200FFF902004A
:10F8C000FFF90200FFF90200FFF90200FFF9020050
:10F8D000FFF90200FFF90200FFF90200FFF9020040
:10F8E000FFF90200FFF90200FFF90200FFF9020030
:10F8F000FFF90200FFF90200FFF90200FFF9020020
:10F90000FFF90200FFF90200A1F90200B7F90200B5
:10F91000DBF90200069800680005000F401C049007
:10F92000069800684006400F401E029003281BD82E
:10F930000298810001A040588746C0464DF9020058
:10F9400055F902005DF9020063F902007D20000212
:10F9500005900AE00120C003059006E03B480590B1
:10F9600003E00898059000E0FFE749E0069800688A
:10F970000005000F401C0490069800684006400FE8
:10F980000190012804D0FFE70198022803D005E088
:10F990002E48059003E00898059000E0FFE72FE06F
:10F9A000344800680005000F401C0490089800F0DF
:10F9B0002FF8059024E02F4801680905090F491C1C
:10F9C000049100680006000F401C0499484304900D
:10F9D000089800F01DF8059012E026480168090516
:10F9E000090F491C049100680F210840401C04992C
:10F9F00048430490089800F00BF8059000E0FFE7FA
:10FA000005980499FCF754FB0AB080BDE851030047
:10FA100082B0019000200090164800684003400F1B
:10FA2000022803D1FFE7019800900BE0114800681D
:10FA30004003400F012803D1FFE70448009000E095
:10FA4000FFE7FFE7009802B07047C0460090D00380
:10FA500081B0084800684003400F012803D1FFE748
:10FA60000120009002E000200090FFE7009801B024
:10FA70007047C0460840064086B00590049105983E
:10FA80008008039003988100B848405802900020F5
:10FA900001900598001F00906C2800D960E1009843
:10FAA000810001A0405887465DFC020061FD020014
:10FAB00061FD020061FD02005DFC020061FD0200CB
:10FAC00061FD020061FD02005DFC020061FD0200BB
:10FAD00061FD020061FD02005DFC020061FD0200AB
:10FAE00061FD020061FD02005DFC020061FD02009B
:10FAF00061FD020061FD02005DFC020061FD02008B
:10FB000061FD020061FD020093FC020061FD020044
:10FB100061FD020061FD020093FC020061FD020034
:10FB200061FD020061FD02005DFC020061FD02005A
:10FB300061FD020061FD02005DFC020061FD02004A
:10FB400061FD020061FD02005DFC020061FD02003A
:10FB500061FD020061FD02005DFC020061FD02002A
:10FB600061FD020061FD02005DFC020061FD02001A
:10FB700061FD020061FD02005DFC020061FD02000A
:10FB800061FD020061FD02005DFC020061FD0200FA
:10FB900061FD020061FD02005DFC020061FD0200EA
:10FBA00061FD020061FD02005DFC020061FD0200DA
:10FBB00061FD020061FD020005FD020061FD020021
:10FBC00061FD020061FD020061FD020061FD0200B5
:10FBD00061FD020061FD020061FD020061FD0200A5
:10FBE00061FD020061FD020061FD020061FD020095
:10FBF00061FD020061FD020061FD020061FD020085
:10FC000061FD020061FD020061FD020061FD020074
:10FC100061FD020061FD02005DFC020061FD020069
:10FC200061FD020061FD02005DFC020061FD020059
:10FC300061FD020061FD02005DFC020061FD020049
:10FC400061FD020061FD02005DFC020061FD020039
:10FC500061FD020061FD02005DFC02000298006887
:10FC6000C00F002805D0FFE702995B20000608605E
:10FC7000FFE7049A029908685207520E70239843CE
:10FC800080180860029908680122D20710430860B2
:10FC900069E002980068C00F002805D0FFE70299CC
:10FCA0005B2000060860FFE70498032808D1FFE7FF
:10FCB00002990868102210436022904308601AE0FD
:10FCC0000498042808D1FFE702990868202210430D
:10FCD0005022904308600DE00498002806D1FFE709
:10FCE0000299086870229043086002E001200190A8
:10FCF000FFE7FFE7FFE7029908680122D2071043F8
:10FD0000086030E002980068C00F002805D0FFE7C7
:10FD100002995B2000060860FFE7049803280AD1D7
:10FD2000FFE7049A029908685207520E702398431D
:10FD3000801808600DE00498002806D1FFE70299BA
:10FD4000086870229043086002E001200190FFE7FC
:10FD5000FFE7029908680122D2071043086002E019
:10FD600001200190FFE7019806B07047E8510300B9
:10FD700080B584B003900291019200200090404829
:10FD80000068C00F002805D0FFE75B2000063C4953
:10FD90000860FFE7029A3A490868D207920F0223E7
:10FDA000984380180860FFF753FE002807D1FFE74B
:10FDB000334908680122D2071043086045E0039ADE
:10FDC00023490868D207520F04239843801808601B
:10FDD000019B086801221340D2431040C0180860FC
:10FDE0000868022318430860254908681040086025
:10FDF0000198002815D1FFE700F0A6FA2048016815
:10FE00000122114301600168D207114301600068BB
:10FE1000C003C00F002803D0FFE701200090FFE7D8
:10FE200009E0174908680122104308600868D207F2
:10FE300010430860FFE70098002805D1FFE7042081
:10FE400000F006FA0090FFE7FFE7009804B080BDDD
:10FE5000184006400A480068C00F002805D0FFE798
:10FE60005B20000606490860FFE705490868012293
:10FE70005302984308600868D2071043086070472F
:10FE80001440064085B004900391049880080290C5
:10FE900002988100BF48405801900498001F0090CC
:10FEA000832800D973E10098810001A0405887465B
:10FEB000C10003008F0103008F0103008F010300C5
:10FEC000C10003008F0103008F0103008F010300B5
:10FED000C10003008F0103008F0103008F010300A5
:10FEE000C10003008F0103008F0103008F01030095
:10FEF000C10003008F0103008F0103008F01030085
:10FF0000C10003008F0103008F0103008F01030074
:10FF1000C10003008F0103008F0103008F01030064
:10FF2000C10003008F0103008F0103008F01030054
:10FF3000C10003008F0103008F0103008F01030044
:10FF4000C10003008F0103008F0103008F01030034
:10FF5000C10003008F0103008F0103008F01030024
:10FF6000C10003008F0103008F0103008F01030014
:10FF7000C10003008F0103008F0103008F01030004
:10FF8000C10003008F0103008F0103008F010300F4
:10FF9000C10003008F0103008F0103008F010300E4
:10FFA000C10003008F0103008F0103008F010300D4
:10FFB000C10003008F0103008F0103008F010300C4
:10FFC000C10003008F0103008F0103008F010300B4
:10FFD0008F0103008F0103008F0103008F010300D5
:10FFE0008F0103008F0103008F0103008F010300C5
:10FFF0008F0103008F0103008F0103008F010300B5
:020000040003F7
:100000008F0103008F0103008F0103008F010300A4
:100010008F0103008F0103008F0103008F01030094
:10002000C10003008F0103008F0103008F01030053
:10003000C10003008F0103008F0103008F01030043
:10004000C10003008F0103008F0103008F01030033
:10005000C10003008F0103008F0103008F01030023
:10006000C10003008F0103008F0103008F01030013
:100070008F0103008F0103008F0103008F01030034
:100080008F0103008F0103008F0103008F01030024
:100090008F0103008F0103008F0103008F01030014
:1000A0008F0103008F0103008F0103008F01030004
:1000B0008F010300F90003002D0103005F0103001D
:1000C00001980068C00F002805D0FFE701995B2068
:1000D00000060860FFE7039A019908681207120DED
:1000E0000F231B02984380180860019908680122B9
:1000F000D207104308604BE054480068C00F002846
:1001000005D0FFE75B20000650490860FFE74F4934
:1001100008680F2212029043039A120210430860EB
:1001200008680122D2071043086031E047480068A0
:10013000C00F002805D0FFE75B2000064349086098
:10014000FFE742490868F0229043039A12011043E6
:10015000086008680122D2071043086018E03B4895
:100160000068C00F002805D0FFE75B200006374974
:100170000860FFE7354908680F229043039A10434F
:10018000086008680122D2071043086000E0FFE71A
:1001900005B07047E851030080B582B0019000209F
:1001A00000900198012823D1FFE7032000F050F8C8
:1001B000002803D0FFE70120009018E023480068E2
:1001C000C00F002805D0FFE75B2000061F4908602C
:1001D000FFE71E4908680722120490430122130416
:1001E000C01808600868D20710430860FFE72AE0DB
:1001F0000198002823D1FFE7042000F029F8002807
:1002000003D0FFE70120009018E010480068C00FFD
:10021000002805D0FFE75B2000060C490860FFE7D7
:100220000A49086807221204904301225304C018A7
:1002300008600868D20710430860FFE702E0012069
:100240000090FFE7FFE7009802B080BD0C40064039
:1002500084B0039000200290012001900398401E7A
:100260000090032860D80098810001A0405887467C
:1002700081020300D5020300AB020300FF0203006A
:10028000FFE702982B4988420ED8FFE70298401CEE
:1002900002902C4800684007C00F002803D0FFE7F9
:1002A0000020019000E0ECE741E0FFE702982149DF
:1002B00088420ED8FFE70298401C02902048006850
:1002C000C003C00F002803D0FFE70020019000E02A
:1002D000ECE72CE0FFE70298164988420ED8FFE7CA
:1002E0000298401C0290154800688005C00F002845
:1002F00003D0FFE70020019000E0ECE717E0FFE704
:1003000002980C4988420ED8FFE70298401C0290E0
:1003100009480068C003C00F002803D0FFE7002091
:10032000019000E0ECE702E000200190FFE7019877
:1003300004B070479F8601001440064000800240D0
:100340001C40064004D0074080B584B00C480290A1
:10035000002101910B4909680905090F491C039106
:100360000399FBF7A5FE401C0290FFE70198411C92
:1003700001910299884201D2FFE7F7E704B080BDFE
:10038000AC0D00000840064080B586B060200090AB
:1003900004210491FFF770FB009801F093FF04998A
:1003A00064200190FFF768FB019801F08BFF04992E
:1003B00068200290FFF760FB029801F083FF049928
:1003C0006C200390FFF758FB039801F07BFF049922
:1003D00070200590FFF750FB059801F073FF7C201B
:1003E00001F070FF06B080BD82B000900098002838
:1003F0000FD0FFE700984078C007002807D0FFE73C
:1004000000990020487001A90120087006E0FFE76C
:1004100000E0FFE701A900200870FFE701A80078CD
:1004200002B0704781B000900098002818D0FFE714
:1004300000980078C007002801D0FFE70FE000997E
:100440004888401C4880009948888988884204DB95
:10045000FFE700998888488000E0FFE7FFE700E0B9
:10046000FFE701B0704781B00090009800281DD0D0
:10047000FFE700980078C007002807D0FFE7009941
:10048000002008700099012048700EE0009948880B
:100490008988884204DBFFE700990120487000E06A
:1004A000FFE7009900204880FFE700E0FFE701B088
:1004B000704782B0019068460180019800280CD0F6
:1004C000FFE7019901200870019900204870019907
:1004D000488000980199888000E0FFE702B07047EB
:1004E00080B584B003900291039802990122009292
:1004F0000023019301F07EF90099019A039801F01D
:1005000057F904B080BD80B584B003900291039880
:10051000029901220192002301F06CF9019A0398DB
:10052000114601F045F904B080BD80B584B0039058
:1005300002910192039802990222002301F05AF9D4
:100540000398019901231A4601F054F904B080BDC3
:1005500080B582B001900091019800990222002399
:1005600001F07EF901980099891C01231A4601F0D7
:1005700077F902B080BD80B586B00192024601983D
:100580000592049103AA02921070059804991278BA
:10059000002301F065F9029A0598049912788918E8
:1005A00001231A4601F05CF906B080BD80B588B021
:1005B0003A4801F029FA032002900221049101F047
:1005C000F1F9029804990122069201F0B5FA029815
:1005D000049A114601F0E8FA029804990022039265
:1005E00000F074F8029804990922019201F06CFA63
:1005F0000499084601F0D6F90499069A084601F0D4
:100600009BFA049A1046114601F0CEFA039A049917
:10061000084600F05BF8019A0499084601F054FA84
:100620000299049801F0BEF902990498069A01F023
:1006300083FA0299049A104601F0B6FA0299039AD5
:10064000049800F043F8019A0299049801F03CFAEA
:1006500004980821059101F0A5F904980599069AD6
:1006600001F06AFA029A0498059901F09DFA039A3A
:100670000498059900F02AF8049805990A2201F0D7
:1006800023FA06991E20079003F06AFD079803F0ED
:1006900005FD1F2003F002FD08B080BD4D1C0300C6
:1006A00084B003900291039881001F484058019044
:1006B000019800690090029801218140009808404B
:1006C00000900098411E884104B0704785B00490A6
:1006D00003910292049881001348405801900198B8
:1006E0004069009003980121814000988843009060
:1006F000029903988140009808430090009801995E
:10070000486105B07047C04683B0029001910298DD
:1007100081000548405800900199012088400099C7
:10072000486003B07047C0468051030080B5002088
:1007300000F06CF980BD80B5012000F067F980BD44
:1007400080B501200C2100F007F880BD80B50120A4
:10075000042100F001F880BD83B00290019102985D
:100760008100A8484058009001988100A648405850
:100770000099C86503B0704782B00190019881006C
:10078000834840580090009988680122904388600F
:1007900002B0704782B00190019881007C484058B7
:1007A00000900099886801221043886002B0704769
:1007B00010B583B0029001910298810074484058AE
:1007C0000090019802680099486C03242240E3439A
:1007D000184080184864019842680099886C22404B
:1007E00018408018886403B010BDC04684B00390E0
:1007F0000291039881008348405800900098006E51
:10080000029901228A401040C8400190019804B02A
:100810007047C04684B003900291039881005C4801
:1008200040580190029842680199C8689207120ED8
:10083000C02398438018C86002984068401E00900A
:1008400005285DD80098810001A040588746C04621
:10085000690803008F080300B508030001090300BD
:1008600001090300DB0803000199C86A494A1040E6
:10087000C030C8620199086B1040C7300863019905
:10088000486D01221043FE229043486539E00199EA
:10089000486B404A1040283048630199886B1040EB
:1008A0002F3088630199486D01221043FE22904346
:1008B000486526E00199C86B364A1040801DC86320
:1008C0000199086C1040103008640199886D01226C
:1008D0001043FE229043886513E00199486B2D4A2E
:1008E0001040093048630199886B104011308863CB
:1008F0000199486D02221043FD229043486500E0B3
:10090000FFE702980068002821D1FFE70199C86835
:1009100001231843C8600199C86802221043C860C7
:10092000029882680199C868D207520D9B029843C9
:100930008018C86002980069401E41424841820008
:100940000199C868042398438018C8601EE0019983
:10095000C86801239843C8600199C868022290437F
:10096000C860029882680199C868D207920D5B023C
:1009700098438018C8600298C2680199886A064B3B
:100980001A40064B184080188862FFE704B0704791
:10099000D05103000000FFFFFF03000000FCFFFF39
:1009A00083B00290019100920098029938224A4344
:1009B000FA498918019A9200885003B07047C046DE
:1009C00084B003900291019203988100FD48405841
:1009D00000900198002809D1FFE702988100EE48B5
:1009E00042580099C8699043C86108E002988100A4
:1009F000E94842580099C8691043C861FFE704B04C
:100A00007047C046D85103009451030080B584B0AC
:100A1000039003988100DF484058019003988100BB
:100A2000E848405800900098C06D02900098C16955
:100A300002980840029002980099C8650298D64929
:100A40000968084216D0FFE7039838214143D3488C
:100A50004058002807D0FFE7039838214143CF488A
:100A60004058804705E00199C86901229043C86158
:100A7000FFE7FFE70298C8494968084218D0FFE736
:100A8000039838214143C54840184068002808D0E1
:100A9000FFE7039838214143C04840184068804729
:100AA00005E00199C86902229043C861FFE7FFE7AA
:100AB0000298B9498968084218D0FFE7039838219D
:100AC0004143B64840188068002808D0FFE70398E3
:100AD00038214143B14840188068804705E00199BA
:100AE000C86904229043C861FFE7FFE70298AA495A
:100AF000C968084218D0FFE7039838214143A74846
:100B00004018C068002808D0FFE703983821414307
:100B1000A2484018C068804705E00199C8690822CA
:100B20009043C861FFE7FFE702989B4909690842C3
:100B300018D0FFE7039838214143984840180069CE
:100B4000002808D0FFE70398382141439348401814
:100B50000069804705E00199C86910229043C86187
:100B6000FFE7FFE702988C494969084218D0FFE780
:100B7000039838214143894840184069002808D02B
:100B8000FFE7039838214143844840184069804773
:100B900005E00199C86920229043C861FFE7FFE79B
:100BA00002987D498969084219D0FFE703983821E6
:100BB00041437A4840188069002808D0FFE703982D
:100BC00038214143754840188069804706E0019903
:100BD000C869012292059043C861FFE7FFE70298C8
:100BE0006D49C969084219D0FFE70398382141438C
:100BF0006A484018C069002808D0FFE703983821E8
:100C0000414366484018C069804706E00199C869B9
:100C10000122D2059043C861FFE7FFE702985E49D1
:100C2000096A084219D0FFE70398382141435B481D
:100C30004018006A002808D0FFE703983821414394
:100C400056484018006A804706E00199C8690122A9
:100C500012069043C861FFE7FFE702984E49496AD0
:100C6000084219D0FFE70398382141434B48401808
:100C7000406A002808D0FFE70398382141434748DD
:100C80004018406A804706E00199C869012252066F
:100C90009043C861FFE7FFE702983F49896A08422D
:100CA00019D0FFE70398382141433C484018806A37
:100CB000002808D0FFE703983821414337484018FF
:100CC000806A804706E00199C86901229206904334
:100CD000C861FFE7FFE702982F49C96A084219D0A7
:100CE000FFE70398382141432C484018C06A002888
:100CF00008D0FFE703983821414328484018C06ACC
:100D0000804706E00199C8690122D2069043C86174
:100D1000FFE7FFE702982049096B084219D0FFE777
:100D20000398382141431D484018006B002808D023
:100D3000FFE703983821414318484018006B80476B
:100D400006E00199C869012292079043C861FFE754
:100D5000FFE702981049496B084219D0FFE7039852
:100D6000382141430D484018406B002808D0FFE768
:100D700003983821414309484018406B804706E0FA
:100D80000199C8690122D2079043C861FFE7FFE7D4
:100D900004B080BDD05103009451030068CAFF1F06
:100DA00083B0029001910298810028484058009039
:100DB000019840020121090240180099086203B01D
:100DC0007047C046D851030080B584B00020019020
:100DD0000C21FFF7C1FC01981549087003A9029185
:100DE000087000F081FF019800F024F80299087063
:100DF00004B080BD84B00390029101A90A700398E9
:100E000082001248805800900298400209784018E9
:100E10000099086204B0704780B500200421FFF7F4
:100E20009BFC03490120087000F086FF80BDC0468E
:100E3000B0C8FF1F82B0019001988100034840585C
:100E400000900098006AC0B202B07047D851030009
:100E500083B00290019102988100074840580090A9
:100E6000019A0099486A054B1A40054B18408018B2
:100E7000486203B07047C046D0510300FF03000032
:100E800000FCFFFF80B58AB040200190042105914D
:100E9000FEF7F2FD019801210791FEF7F3FF01989B
:100EA00001F05EFB019801F00DFA0020089002218C
:100EB0000322009200F040FE009A0898114600F0CC
:100EC0003BFE08983B4A0C210491FFF769FD049909
:100ED000079A0898FFF774FD05990898364AFFF7B6
:100EE0005FFD0599079A0898FFF76AFD0898FFF7D4
:100EF00043FC08983149FFF78DFC0898304906916A
:100F0000FFF756FC01990898FFF7A2FF0898FFF732
:100F100041FC08990520039003F05AF9039803F067
:100F2000DDF8059944200290FEF7A6FD0799029886
:100F3000FEF7A8FF029801F013FB029801F0C2F936
:100F4000039A0899084600F0F7FD039A0799089854
:100F500000F0F2FD049907981A4AFFF721FD049961
:100F6000079A1046FFF72CFD05990798164AFFF7D8
:100F700017FD0599079A1046FFF722FD0798FFF71E
:100F8000FBFB07981149FFF745FC06990798FFF707
:100F90000FFC07987721FFF75BFF0798FFF7FAFB35
:100FA00008990620099003F013F9099803F096F8C0
:100FB0000AB080BDC90D0300190E030014C9FF1F3C
:100FC000E0510300410703004D07030028C9FF1F3C
:100FD00080B584B003900291019203980299012296
:100FE0000092002300F006FC009B039801991A462A
:100FF00000F000FC04B080BD80B584B038480078B3
:10100000C007002865D1FFE736480078012805DCD5
:10101000FFE734490878401C087059E031480078EF
:1010200002280FD1FFE72F4903200870002003900A
:10103000FFF7A2FB03986821FFF70AFF0398FFF769
:10104000A9FB44E027480078032805DCFFE7254991
:101050000878401C087039E022480078042833D111
:10106000FFE72049042008701F4800780B2811D89A
:10107000FFE71D4802900078062141431B484018B5
:10108000811C021D0020FFF750FA02990878401CCD
:10109000087018E0144800780C2812D1FFE71249B4
:1010A0000D20087000200190FFF766FB0198682171
:1010B000FFF7CEFE0198FFF76DFB0949012008708C
:1010C00000E0FFE7FFE700E0FFE7FFE7FFE7FFE7FC
:1010D00000E0FFE7024800780121084004B080BD2D
:1010E00081C9FF1F83C9FF1F82C9FF1F764D0300FF
:1010F00080B59EB01DA9002008801CA90870C348B7
:101100000078002851D1FFE702200521FFF7C8FA37
:1011100001282CD1FFE7C2480088002827D0FFE72C
:10112000C0480088C82806DBFFE7BF4802F0F7FB8D
:1011300003F0C2F8FFE7BA480188491E0180008821
:10114000002813D1FFE7B1490878401C0870B7495F
:101150000120087000200990FFF70EFB0998682114
:10116000FFF776FE0998FFF715FBFFE7FFE7022080
:101170000521FFF795FA002816D1FFE7A849282096
:101180000880A8490888401C088080B2C82803DB72
:10119000FFE7C820089003E0A24800880890FFE716
:1011A0000898A0490880FFE723E1984800780228C2
:1011B00005DCFFE795490878401C087018E1934862
:1011C000007803281BD1FFE7052080011DA90691A7
:1011D00008801CAA07922020107000200590FFF7BD
:1011E000A4F905980699079A02230B8043231370EC
:1011F000FFF79BF985490878401C0870F7E08348A1
:101200000078052805DCFFE780490878401C087055
:10121000ECE07E480078062810D1FFE7002004901B
:10122000FFF7AAFA04986821FFF712FE0498FFF767
:10123000B1FA76490878401C0870D6E07348007807
:10124000082805DCFFE771490878401C0870CBE0EE
:101250006E480078092800D0C5E06D4800880390EA
:10126000232800D9B1E00398810001A040588746A7
:1012700001130300CB1303006B130300CB13030014
:10128000CB130300CB130300CB130300CB130300DA
:10129000CB130300CB130300CB1303009B130300FA
:1012A000CB130300CB130300CB130300CB130300BA
:1012B000CB130300CB130300CB130300CB130300AA
:1012C000CB130300CB130300CB130300CB1303009A
:1012D000CB130300CB130300CB130300CB1303008A
:1012E000CB130300CB130300CB130300CB1303007A
:1012F000CB130300CB130300CB130300B313030082
:10130000FFE7892080001BA908801AAA002010701E
:10131000FFF70BF9FFE7FFE74320C00019A908809A
:1013200018AA00201070FFF700F9FFE7FFE717A9E0
:101330003948088016AA00201070FFF7F6F8FFE77A
:10134000FFE715A93348088014AA00201070FFF7A2
:10135000ECF8FFE7FFE713A93048088012AA002045
:101360001070FFF7E2F8FFE72FE0FFE711A92B4825
:10137000088010AA102010700020FFF7D6F8FFE7B1
:10138000FFE74320C0000FA908800EAA10201070AC
:101390000020FFF7CAF8FFE717E0FFE70DA91E4896
:1013A00008800CAA102010700020FFF7BEF8FFE79D
:1013B0000BE0FFE70BA9174808800AAA102010705D
:1013C0000020FFF7B2F8FFE7FFE711480088252863
:1013D00003DBFFE70E48008804E00D490888401C45
:1013E0000880FFE7FFE7FFE7FFE7FFE7FFE7FFE72B
:1013F000FFE707480188012000220192242902907A
:1014000001DC0198029002981EB080BD88C9FF1FC0
:1014100084C9FF1F2702000012020000150200000D
:1014200054C8FF1F86C9FF1FE553030089C9FF1F6A
:1014300080B586B057480078C007002800D0A1E0EA
:1014400055480078012805DCFFE753490878401C1F
:10145000087096E05048007802280FD1FFE74E4907
:101460000320087000200590FFF786F905984021B9
:10147000FFF7EEFC0598FFF78DF981E0464800780C
:10148000032805DCFFE744490878401C087076E033
:1014900041480078042870D1FFE73F4904200870D4
:1014A0003E480078602830D1FFE73D480078292881
:1014B00011D8FFE73A4804900078062141433A48A2
:1014C0004018811C021D0020FFF72FF804990878AE
:1014D000401C087018E0324800782A2812D1FFE733
:1014E0002F492B20087000200390FFF745F903983F
:1014F0006821FFF7ADFC0398FFF74CF9254901205F
:10150000087000E0FFE7FFE736E024480078452850
:1015100030D1FFE722480078292811D8FFE720487A
:1015200002900078062141431E484018811C021D8C
:101530000020FEF7FAFF02990878401C087018E0B6
:10154000174800782A2812D1FFE715492B20087088
:1015500000200190FFF710F901986821FFF778FC4F
:101560000198FFF717F90B490120087000E0FFE729
:10157000FFE700E0FFE7FFE700E0FFE7FFE7FFE747
:10158000FFE700E0FFE7034800780121084006B0CC
:1015900080BDC0468AC9FF1F8CC9FF1F62C8FF1FDC
:1015A0008BC9FF1FBE4D0300BA4E030080B588B043
:1015B0003F480078C007002873D1FFE73D48007816
:1015C000012805DCFFE73B490878401C087067E00C
:1015D0003848007802280FD1FFE736490320087009
:1015E00000200390FFF7C8F803983921FFF730FC7B
:1015F0000398FFF7CFF852E02E480078032805DC67
:10160000FFE72C490878401C087047E0294800781B
:10161000042841D1FFE727490420087026480078B4
:10162000022811D8FFE724480290007803214143A3
:1016300025484018411C821C0020FFF7C9FC029974
:101640000878401C087026E01B480078032820D149
:10165000FFE719490420087000200190FFF78CF87B
:1016600001986821FFF7F4FB0198FFF793F8104900
:10167000012008704349087004A8FF2101730F4935
:1016800006910F4905910F4904910D2102F076F959
:1016900000E0FFE7FFE700E0FFE7FFE7FFE7FFE726
:1016A00000E0FFE7024800780121084008B080BD53
:1016B0008DC9FF1F8FC9FF1F8EC9FF1F3030FFFF6D
:1016C000616C3D316E322E766C4D030080B507485B
:1016D0000078C007002806D0FFE704490020087002
:1016E00000F044FB00E0FFE780BDC04656C8FF1F86
:1016F00080B502200521FEF7D3FF00280CD1FFE7BB
:101700001E480078C007002806D0FFE71C4802F0FA
:1017100006F902F0D1FDFFE700F036F8FFF7E8FC2C
:1017200000281ED0FFE717480078C007002817D10F
:10173000FFE700F0CDFA02F04BF900280FD0FFE7E9
:10174000FFF776FE002809D0FFE7FFF755FC0028D9
:1017500003D0FFE7FFF72AFFFFE7FFE7FFE7FFE719
:10176000FFE708480078C007002805D0FFE7FFF72B
:10177000ADFF00F0ADFAFFE780BDC04689C9FF1F8D
:10178000D453030080C9FF1F80B508480178491C65
:1017900001700078642806D3FFE704490020087030
:1017A00002F00AFC00E0FFE780BDC04690C9FF1FC1
:1017B00080B584B0039002A80180019200200090BF
:1017C000FFE703980621FFF711F800280BD1FFE788
:1017D00000983F49884205DBFFE7FFF753FB0020F5
:1017E000009005E0EDE703980199FFF7D9FAFFE7CC
:1017F00004B080BD10B586B00590049103A80280A6
:101800000293002101910088401E0090FFE700989C
:10181000002822D4FFE7FFE705980621FEF7E6FF40
:1018200000280ED1FFE70198401C0190019828493B
:10183000884205DBFFE7FFF725FB002001900CE065
:10184000EAE705980299049A009BD25CFFF7D2FA66
:10185000FFE70098401E0090D9E706B010BDC046D3
:1018600010B586B00590049103A80280029301A9E7
:10187000002008800090FFE7009803A909888842AB
:1018800024DAFFE7FFE705980621FEF7AFFF0028FF
:1018900010D1FFE70198411C01A8018000880C4984
:1018A000884206DBFFE7FFF7EDFA01A90020088078
:1018B0000CE0E8E705980299049A009BD25CFFF7D8
:1018C00099FAFFE70098401C0090D5E706B010BDDC
:1018D0008913000080B51B480068C00700280CD0A1
:1018E000FFE7D248006890214058002804D0FFE765
:1018F000002000F091F8FFE7FFE713480068C007F9
:1019000000280CD0FFE7C9484068902140580028C3
:1019100004D0FFE7012000F07FF8FFE7FFE70B4866
:101920000068C00700280CD0FFE7C04880689021FD
:101930004058002804D0FFE7022000F06DF8FFE7D0
:10194000FFE780BD60500640645006406850064086
:1019500080B512480068C00700280CD0FFE7B348E4
:10196000C06890214058002804D0FFE7032000F011
:1019700053F8FFE7FFE70A480068C00700280CD0CB
:10198000FFE7AA48006990214058002804D0FFE7EB
:10199000042000F041F8FFE7FFE780BD6C500640EF
:1019A0007050064084B003900291039881009F48D4
:1019B00040580190039881009D484058009001983C
:1019C00002998900401800690004C00F002808D05F
:1019D000FFE700980299890041185B200006086122
:1019E000FFE7019802998900411808690122D3058F
:1019F0001843086101980299890041180869D203C7
:101A00001043086104B0704781B0009000982D49E0
:101A1000086001B07047C04680B586B00590059853
:101A200081008248405802900598810080484058C3
:101A30000190029890214058049000200390FFE705
:101A400003981F283BD8FFE704980399C840C007B4
:101A5000002826D0FFE71B480068002806D0FFE7D3
:101A60001848026805980399904719E0019803996E
:101A7000890041185B2000060861029803998900DB
:101A8000411808690F2212049043086102980399D3
:101A90008900411808690122D20310430861FFE759
:101AA000FFE70498039A012191400840029990228F
:101AB0008B588850FFE70398401C0390C0E706B09E
:101AC00080BDC046D8CAFF1F85B004900391029222
:101AD000049881005548405801900498810054486A
:101AE000405800900198039989004018006900044B
:101AF000C00F002808D0FFE700980399890041181B
:101B00005B2000060861FFE7029A019803998900AB
:101B1000411808691207120B0F231B049843801801
:101B20000861019803998900411808690122D203CC
:101B30001043086105B0704785B00490039102928C
:101B40000498810039484058019004988100384831
:101B500040580090019803998900401800690004DA
:101B6000C00F002808D0FFE70098039989004118AA
:101B70005B2000060861FFE7029A0198039989003B
:101B8000411808695207520D07231B029843801819
:101B90000861019803998900411808690122D2035C
:101BA0001043086105B0704710B585B004900391EB
:101BB0000292049881001D484058019004988100C9
:101BC0001B4840580090019803998900401800690B
:101BD0000004C00F002808D0FFE70098039989008F
:101BE00041185B2000060861FFE7029B01221340B9
:101BF000019803998900411808699043C018086149
:101C0000029B022423400198039989004118086926
:101C1000A043C01808610198039989004118086918
:101C2000D2031043086105B010BDC0465C520300EA
:101C30007052030080B5FFF725F901F043FD01F074
:101C400093FD00F0F5FEFBF71BFC80BD80B582B074
:101C5000019000910198022808D1FFE70098082818
:101C600004D1FFE719490120087026E001980328F4
:101C700008D1FFE70098022804D1FFE71248FEF7D9
:101C8000F2FB19E00198022808D1FFE7009802282A
:101C900004D1FFE70B48FEF7E6FB0CE001980228B1
:101CA00008D1FFE70098032804D1FFE70448FEF7B6
:101CB000DAFBFFE7FFE7FFE7FFE702B080BDC046C2
:101CC00072C9FF1F6CC9FF1F66C9FF1FC8C9FF1F6C
:101CD00080B501F005FF01F009F8FAF757FCFBF7B2
:101CE0006DF900F04BF880BD80B5D148016840180F
:101CF000407DC00700281ED0FFE70020FFF79AF8BC
:101D0000CB490A798A1850710879401C0871087902
:101D10000A681549895C884206DAFFE7012100223A
:101D20001046FFF745FD05E0002001221146FFF7B0
:101D30003FFDFFE7FFE780BDBD4908790A680A4912
:101D4000895C88420FDBFFE7B94801684018407D95
:101D5000C007002807D0FFE7B54908680A18002027
:101D600050750871FFE7704766C8FF1F80B500F027
:101D7000DDFFFAF755FCFBF795F980BD80B584B01F
:101D800000200390029050480068FF2851D1FFE7DF
:101D90004E480078C00700284BD0FFE70020039092
:101DA000FFE70398072819D8FFE70399A0484018D0
:101DB000407BC00700280BD0FFE703989C490A1816
:101DC000002050730398086003983F49086005E0BD
:101DD000FFE7FFE70398401C0390E2E70398082819
:101DE00025D1FFE700200290FFE7029803281DD8C5
:101DF000FFE702998E4840182C21405CC00700285C
:101E00000ED0FFE7029A8A4908462830821800203F
:101E1000107102988862029808302B49086005E02A
:101E2000FFE7FFE70298401C0290DEE700E0FFE7D3
:101E300000E0FFE72448006801900B2840D8019893
:101E4000810001A040588746791E03007F1E0300D1
:101E5000851E03008B1E0300911E0300971E0300C6
:101E60009D1E0300A31E0300A91E0300AF1E030056
:101E7000B51E0300BB1E0300FBF726F921E0FAF7AD
:101E8000D1FD1EE0FAF7EAFE1BE0FAF7CDFB18E001
:101E9000FAF790FC15E000F09BFF12E001F052F819
:101EA0000FE001F045FE0CE001F0F6F809E0FBF769
:101EB00019FA06E001F05AFF03E001F0EDFE00E040
:101EC000FFE704B080BDC04658C8FF1FB0C8FF1F61
:101ED00083B0024602A802700191012100910078AE
:101EE000202803D3FFE70120009011E0019800288B
:101EF0000AD0FFE70198006802A909788900064A1C
:101F000088500020009002E001200090FFE7FFE7EA
:101F1000009803B07047C0460040034080B586B0CB
:101F20004149039100200290FCF770FE029903984A
:101F3000C9430591017A04AA11704068732109010F
:101F400088421ED1FFE704A800780190012808D03C
:101F5000FFE70198022808D0FFE70198032809D07D
:101F60000DE03349012048730AE0314901208873AC
:101F7000887705E02E490120C873C87700E0FFE7A5
:101F800050E0294840682949884249D1FFE704A820
:101F900000780090032808D0FFE70098452816D065
:101FA000FFE70098602809D01AE021492D2201207E
:101FB00088541D48407AFBF775F930E01C492F2200
:101FC0000120885404A8007801F018FD27E0184982
:101FD0002F220120885404A8007801F00FFD1EE094
:101FE00004A80078042805DBFFE704A80078062889
:101FF0000ADBFFE704A8007811280EDBFFE704A83E
:102000000078142809DCFFE709492E2201208854B2
:1020100004A8007801F00CFD00E0FFE7FFE700E016
:10202000FFE7FFE706B080BD30CBFF1F31070000A0
:1020300094C9FF1F80B5294800684003C00F0028DD
:1020400022D0FFE725480068C00F002805D0FFE731
:102050005B20000621490860FFE72049086801224B
:102060009304184308600868D207104308601C48AE
:102070000068002804D0FFE719480068804702E0A4
:10208000FDF7E8FEFFE7FFE7164800684003C00FD2
:10209000002822D0FFE713480068C00F002805D0B1
:1020A000FFE75B2000060F490860FFE70D4908685D
:1020B00001229304184308600868D207104308609F
:1020C00007484068002804D0FFE70548406880477B
:1020D00002E0FDF7E3FAFFE7FFE780BD14400640AA
:1020E000DCCAFF1F1C40064080B582B04949086821
:1020F00001900198484A12681040019001980860C8
:10210000019846490968084210D0FFE74448006832
:10211000002804D0FFE742480068804705E04149B5
:102120000868042290430860FFE7FFE701983B49F5
:102130004968084210D0FFE739484068002804D0B9
:10214000FFE737484068804705E0364908682022A5
:1021500090430860FFE7FFE701983049896808422B
:1021600010D0FFE72E488068002804D0FFE72C48F5
:102170008068804705E02B4908684022904308604A
:10218000FFE7FFE701982549C968084211D0FFE73A
:102190002348C068002804D0FFE72148C068804772
:1021A00006E0204908680122520290430860FFE7D8
:1021B000FFE7019819490969084211D0FFE718485B
:1021C0000069002804D0FFE715480069804706E051
:1021D000144908680122920290430860FFE7FFE774
:1021E00001980E494969084211D0FFE70C4840693F
:1021F000002804D0FFE70A484069804706E0094903
:1022000008680122D20390430860FFE7FFE702B0AD
:1022100080BDC04608E0074014CBFF1FB84F030045
:1022200018CBFF1F1CE0074080B500F001F880BD0F
:1022300010B582B000200190FFE7019803283AD83A
:10224000FFE7019880001D4A80580004C00F0090ED
:102250000099019880008058400B084001242040DC
:102260000090009B019881008858DB071B0CE40359
:10227000A043C01888500098002817D0FFE70198A5
:1022800081000F484058002806D0FFE701988100E0
:102290000B484058804708E001988100074A885859
:1022A00001235B0398438850FFE7FFE7FFE70198AE
:1022B000401C0190C1E702B010BDC046240004409C
:1022C0007CCBFF1F83B002900298A3494018019075
:1022D00002980090802800D93AE10098810001A07E
:1022E00040588746E9240300512503005125030087
:1022F00051250300E9240300512503005125030063
:1023000051250300E9240300512503005125030052
:1023100051250300E9240300512503005125030042
:1023200051250300E9240300512503005125030032
:1023300051250300E9240300512503005125030022
:1023400051250300E9240300512503005125030012
:1023500051250300E9240300512503005125030002
:1023600051250300E92403005125030051250300F2
:1023700051250300E92403005125030051250300E2
:1023800051250300E92403005125030051250300D2
:1023900051250300E92403005125030051250300C2
:1023A00051250300E92403005125030051250300B2
:1023B00051250300E92403005125030051250300A2
:1023C00051250300E9240300512503005125030092
:1023D00051250300E9240300512503005125030082
:1023E00051250300E9240300512503005125030072
:1023F00051250300E9240300512503005125030062
:1024000051250300E9240300512503005125030051
:1024100051250300E9240300512503005125030041
:1024200051250300E9240300512503005125030031
:1024300051250300232503005125030051250300E6
:1024400051250300E9240300512503005125030011
:1024500051250300E9240300512503005125030001
:1024600051250300E92403005125030051250300F1
:1024700051250300E92403005125030051250300E1
:1024800051250300E92403005125030051250300D1
:1024900051250300E92403005125030051250300C1
:1024A00051250300E92403005125030051250300B1
:1024B00051250300E92403005125030051250300A1
:1024C00051250300E9240300512503005125030091
:1024D00051250300E9240300512503005125030081
:1024E00051250300E924030001980068C00F00286B
:1024F00005D0FFE701995B2000060860FFE701991E
:102500000868012210430223984308600199086873
:1025100053051843086001990868D2071043086002
:1025200017E00E480068C00F002805D0FFE75B20C9
:1025300000060A490860FFE70849086801221043BD
:102540000223984308600868D2071043086000E03F
:10255000FFE703B07047C0460050064054500640A5
:1025600083B002900298964940180190029800901A
:10257000802800D921E10098810001A040588746B9
:1025800085270300BB270300BB270300BB270300ED
:1025900085270300BB270300BB270300BB270300DD
:1025A00085270300BB270300BB270300BB270300CD
:1025B00085270300BB270300BB270300BB270300BD
:1025C00085270300BB270300BB270300BB270300AD
:1025D00085270300BB270300BB270300BB2703009D
:1025E00085270300BB270300BB270300BB2703008D
:1025F00085270300BB270300BB270300BB2703007D
:1026000085270300BB270300BB270300BB2703006C
:1026100085270300BB270300BB270300BB2703005C
:1026200085270300BB270300BB270300BB2703004C
:1026300085270300BB270300BB270300BB2703003C
:1026400085270300BB270300BB270300BB2703002C
:1026500085270300BB270300BB270300BB2703001C
:1026600085270300BB270300BB270300BB2703000C
:1026700085270300BB270300BB270300BB270300FC
:1026800085270300BB270300BB270300BB270300EC
:1026900085270300BB270300BB270300BB270300DC
:1026A00085270300BB270300BB270300BB270300CC
:1026B00085270300BB270300BB270300BB270300BC
:1026C00085270300BB270300BB270300BB270300AC
:1026D000BB270300BB270300BB270300BB27030066
:1026E00085270300BB270300BB270300BB2703008C
:1026F00085270300BB270300BB270300BB2703007C
:1027000085270300BB270300BB270300BB2703006B
:1027100085270300BB270300BB270300BB2703005B
:1027200085270300BB270300BB270300BB2703004B
:1027300085270300BB270300BB270300BB2703003B
:1027400085270300BB270300BB270300BB2703002B
:1027500085270300BB270300BB270300BB2703001B
:1027600085270300BB270300BB270300BB2703000B
:1027700085270300BB270300BB270300BB270300FB
:102780008527030001980068C00F002805D0FFE7E7
:1027900001995B2000060860FFE7019908680122A3
:1027A0005305984308600199086818430860019927
:1027B0000868D2071043086000E0FFE703B07047E5
:1027C0000050064010B584B0574800F0B5F8FFE758
:1027D0005648029000F03CF902980068022805D3A0
:1027E000FFE752490868801E086003E04F49964899
:1027F0000860FFE74D4800684D49096888420AD3E0
:10280000FFE74B48006849490968401A8E4940185B
:102810004849086010E04548006845490968884211
:1028200008D2FFE74248006840490968401A414918
:10283000086000E0FFE7FFE73C4800683C490860AB
:1028400003A900200870FFE703A8007877490978FA
:10285000884267DAFFE73748046803A80178C900AF
:10286000714B5A185168091951600078C4001A193F
:1028700050686C49096852781B5DD3180C225A4382
:1028800089188968884246D3FFE76648006803A92B
:1028900000910978CB00644A0192D1184978D25C42
:1028A0008A180C21514340588047009901980978B3
:1028B000CA008118805C4A788018401C8978884258
:1028C00008D2FFE703A80078C2005749885C401C83
:1028D000885406E003A80078C200534900208854B9
:1028E000FFE703A80078C1004F48421850684D49DF
:1028F000096893780C225A4389188968884208D35A
:10290000FFE703A80078C10047484118002048604D
:1029100000E0FFE700E0FFE7FFE70398401C03A9A2
:10292000087091E754E7C046D44F030058C9FF1F11
:102930005CC9FF1F10CCFF1F84B0039002A90020C8
:10294000087001A90870039836490860FFE7354808
:10295000006802A90A780C2151434158012000293E
:1029600000900CD1FFE72F48006802A90A780C21DB
:10297000514340180079411E88410090FFE70098BC
:10298000C00700284CD0FFE72648006802A90A7853
:102990000C2151434058002813D0FFE7214800681C
:1029A00002A90A780C21514340180079002808D167
:1029B000FFE7029801A90978CA001B4989184870E5
:1029C00029E01848006802A90A780C2151434058B0
:1029D00000281ED1FFE71348006802A90A780C21DD
:1029E000514340180079002813D0FFE7029801A94D
:1029F0000A78D3000C4AD31898700878C3000020D6
:102A0000D0540198401C087008490878401C087090
:102A100000E0FFE7FFE70298401C02A9087096E774
:102A200004B07047C4C9FF1FE4CAFF1F14CCFF1FC6
:102A30000449054808600A49002008600349052048
:102A40000860704714E000E0FFFFFF0010E000E0C6
:102A500081B00090024800680099086001B070479A
:102A600018E000E080B582B000200090FFF72AFC5B
:102A700001F0CCF9009A012101910846FDF778F99F
:102A80000198FDF789FB00998520FDF7FBF9019975
:102A90008620FDF7F7F987200721FDF7F3F902B04B
:102AA00080BD80B5002000F00BF880BD80B501200E
:102AB00000F006F880BD80B5022000F001F880BD6E
:102AC00070B594B0139000201290119010900F9058
:102AD00013998A007A4989580E9113998A00794985
:102AE00089580D91784A01A978CA78C178CA78C105
:102AF00078CA78C10D9949690C9A114011910D99C4
:102B0000C96E0B9A114010911290FFE71298072896
:102B100045D8FFE711981299C840C007002839D05E
:102B2000FFE70E981299890040188069C006C00F0F
:102B300000282FD0FFE70D9812998900401880696E
:102B40000F900F98202188430F900F980D99129A9B
:102B500092008918886113982C2141435B484018E2
:102B600012998900405800280AD0FFE713982C21B9
:102B7000414356484018129989004058804708E060
:102B80000E98129989004118886910229043886133
:102B9000FFE7FFE7FFE71298401C1290B6E7119895
:102BA000099908422BD0FFE70E980069C005C00FB5
:102BB000002824D0FFE70D9840690F900F9801215D
:102BC000090288430F900F980D99486113982C21A2
:102BD00041433E484018006A002808D0FFE7139898
:102BE0002C21414339484018006A804706E00E997D
:102BF00008690122120290430861FFE7FFE711987C
:102C00000A9908422BD0FFE70E9800698005C00F93
:102C1000002824D0FFE70D9840690F900F980121FC
:102C2000490288430F900F980D99486113982C2101
:102C3000414326484018406A002808D0FFE713980F
:102C40002C21414321484018406A804706E00E99F4
:102C500008690122520290430861FFE7FFE71098DC
:102C60000B99084229D0FFE70E98806E4006C00FEE
:102C7000002822D0FFE70D98C06E0F900F9810210A
:102C800088430F900F980D99C86613982C214143E3
:102C90000E484018806A002808D0FFE713982C21BE
:102CA00041430A484018806A804705E00E99886EC3
:102CB000402290438866FFE7FFE714B070BDC0462E
:102CC000F853030004540300004D03008CCBFF1F96
:102CD000704770477047704770477047704770473C
:102CE00070477047704770477047000080B582B0EA
:102CF00013480190FDF796FB1248FDF793FB00F097
:102D000023F80198FDF770FB00280BD0FFE7DF48A0
:102D1000807CC007002804D1FFE7DC4901208874CB
:102D2000FFE700E0FFE702B080BDC04680B5044881
:102D30000021FDF7BEFB03482821FDF7BAFB80BD4B
:102D400078C9FF1F72C9FF1F80B51B480078C007F4
:102D500000282CD0FFE719480188491C0180018810
:102D600017484843174940180221C841164988426C
:102D70000DD8FFE7154A0020D06090601146083159
:102D80000120D07205200002FCF746F800E0FFE7C2
:102D90000A480088FF212E31884206DBFFE70749F9
:102DA000002008800449087000E0FFE703E00349C1
:102DB00000200880FFE780BDC8C9FF1F5CC8FF1F57
:102DC000295C8FC250B81E05285C8F0230CBFF1FD4
:102DD00080B596B015A90120087011A953488881C3
:102DE000FF210806139052481290524A11920DAAE0
:102DF000117351490F910E9050480D905048007832
:102E000002280FD1FFE700200690FDF7B5FC0698D9
:102E10003821FEF71DF80698FDF7BCFC4849012053
:102E2000087080E04648007801280CD1FFE70020B8
:102E3000059015A9FDF754FB0598944A0121917658
:102E40003F4908706EE03E480078002868D1FFE7EF
:102E50008E48807EC007002860D1FFE738490220F5
:102E60000870AD49FF2008608849C8790007000D47
:102E70000A7A80180790487A0007000D897A40186E
:102E8000089007987D21C9000091F9F731F9009960
:102E9000303011AA0392D0710798F9F729F9084642
:102EA00064210191F9F724F90199039A30301072E5
:102EB0000798F9F71DF908460A210291F9F718F960
:102EC0000299039A303050720798F9F711F9039A72
:102ED00008460199303090720898F9F709F901997C
:102EE00030300DAA0492D0710898F9F701F908461C
:102EF0000299F9F7FDF80299049A30301072089897
:102F0000F9F7F6F8049A0398303151720E2100F067
:102F100035FD04980D2100F031FD00E0FFE700E0F1
:102F2000FFE7FFE7FFE716B080BDC046FFFF0000E8
:102F3000616C3D006E302E760000FFFF6E312E7604
:102F40005EC8FF1F10B590B00FA97C2008704D49D6
:102F50000AA81222F8F76AFD4B48007803280FD11F
:102F6000FFE700200990FDF707FC09985421FDF7C1
:102F70006FFF0998FDF70EFC4349022008707FE0BF
:102F80004148007802280AD1FFE700200FA9FDF789
:102F9000A7FA3E490120C8763B4908706FE03A48DD
:102FA0000078012869D1FFE73848C07EC0070028B3
:102FB00061D1FFE75849FF200860334903200870BA
:102FC0003249544806900022026002600260097A89
:102FD000016000682E490191F9F76AF801990246EB
:102FE000069830320AAB08931A720068F9F760F855
:102FF000084628490291F9F75BF80299089B0246B6
:1030000006983024079422435A720068F9F750F862
:1030100008467D21C9000391F9F74AF80399089BF6
:103020000246069830329A720068F9F741F808466D
:1030300064210491F9F73CF80499089B024606982C
:103040002243DA720068F9F733F808460A2105913D
:10305000F9F72EF80599089B0246069822431A7341
:103060000068F9F725F8079A08981143417312216F
:1030700000F084FC00E0FFE700E0FFE7FFE7FFE788
:1030800010B010BD304D03005FC8FF1F94C9FF1F73
:10309000A08601001027000080B584B002A901209D
:1030A00008711A4802901A48007802280FD1FFE7E9
:1030B00000200190FDF760FB01985421FDF7C8FE48
:1030C0000198FDF767FB1249012008701CE01048C9
:1030D0000078012816D1FFE70E48026802A90A719C
:1030E0000268120ACA7042888A70C078487000204C
:1030F0000422FDF740FA0849FF2008600449022035
:10310000087000E0FFE7FFE704B080BD7C0101012B
:1031100060C8FF1FCCC9FF1F58C8FF1F80B5002023
:1031200000F030F980BD80B5012000F02BF980BDA2
:1031300080B5022000F026F980BD80B5032000F0A4
:1031400021F980BD84B00390029103988100274843
:1031500040580090029908698007000ECA689207DB
:10316000920E80184A68D207520F80188A68D207D8
:10317000920F8018096801221140401801900198AF
:1031800000998860019803998A000549885003983E
:103190008200885806239843885004B07047C04680
:1031A00018CCFF1F82B00190019881006D484058F3
:1031B00000900098C06F0121084002B07047C046DF
:1031C00084B0039002910398810008484058009011
:1031D0000098406902998A00054989580840411EB3
:1031E00088410190019804B07047C046885403009C
:1031F00034540300B0B58CB00B900A913020079086
:103200002C20069028200590242004900B98810003
:1032100004A84058039003980A994969FCF756FAA4
:1032200002900B988100F448405801900199C868B9
:10323000802200921043C86002980A990968090127
:10324000F8F736FF099009A80478019A1168FF235E
:10325000DB43194009191160427801994868184008
:103260008018486002980A9909680901F8F720FF58
:1032700008910A9801680898F8F71AFF009A0890D0
:10328000089C0199C023C8580F252C40A843001959
:10329000C8500199C8689043C8600A98806800289F
:1032A00006D1FFE70199C86808229043C8601BE077
:1032B0000A98806801280BD1FFE70199C8680822A5
:1032C0001043C8600199C86810229043C8600AE0A2
:1032D0000199C86808221043C8600199C868102283
:1032E0001043C860FFE7FFE70A984068042807D149
:1032F000FFE70199CC22885801231843885009E040
:103300000A9842680199C86803231A4098438018B4
:10331000C860FFE70A98C2680199C868D207520FCF
:10332000042398438018C8600A98026901990869C3
:10333000D207920E20239843801808610A980069EA
:10334000012806D1FFE701990869022210430861AC
:1033500005E001990869022290430861FFE70CB07B
:10336000B0BDC0467854030083B002900191009232
:10337000009802994A01A2498918019A920088503E
:1033800003B0704780B586B0059005988100B548B8
:103390004058029005988100BA4840580190019821
:1033A000406905998A009549885002984068C0058F
:1033B000C00F002821D0FFE7059881008F484018F2
:1033C00040784006002817D5FFE7059841018C4852
:1033D00040184069002807D0FFE705984101884858
:1033E00040184069804706E00299486801221202AD
:1033F00090434860FFE7FFE7FFE7029840688005D9
:10340000C00F002821D0FFE7059881007B484018B5
:1034100040780006002817D5FFE705984101784855
:1034200040188069002807D0FFE7059841017448DB
:1034300040188069804706E00299486801225202DC
:1034400090434860FFE7FFE7FFE7029840684007C6
:10345000C00F00281FD0FFE7059881006748405C37
:103460009E21084216D0FFE70598410164484018A4
:103470008068002807D0FFE70598410160484018A0
:103480008068804705E002994868042290434860BC
:10349000FFE7FFE7FFE7029840684005C00F0028FC
:1034A00021D0FFE7059881005448401840788007F4
:1034B000002817D5FFE70598410151484018C06919
:1034C000002807D0FFE7059841014D484018C06922
:1034D000804706E0029948680122920290434860C2
:1034E000FFE7FFE7FFE7029880680F21084004909C
:1034F0000498801E00900A2876D80098810001A0C8
:103500004058874631350300E93503005D35030037
:10351000E9350300E935030085350300E93503008B
:10352000E9350300E9350300E9350300B735030049
:1035300005984101324840184068002807D0FFE74D
:10354000059841012E4840184068804705E00299DF
:103550004868022290434860FFE746E00598410131
:1035600027484058002806D0FFE705984101244825
:103570004058804705E0029948680122904348601E
:10358000FFE732E00198C06F0390059841011C48A5
:103590004018C068002807D0FFE705984101184887
:1035A0004018C068804705E00299486801229043AE
:1035B0004860FFE719E0059841011148401800698B
:1035C000002807D0FFE7059841010D484018006921
:1035D000804705E002994868012290434860FFE770
:1035E00001980068039000E0FFE705988200034916
:1035F0000020885006B080BD78540300A8CCFF1F7F
:1036000028CCFF1F84B0039002910192039881009F
:103610001C48405800900198002809D1FFE7029803
:10362000810009484258009948681043486008E002
:1036300002988100044842580099486890434860C5
:10364000FFE704B07047C0461054030082B00190F9
:103650000198810003484058009000980068C0B26B
:1036600002B070477854030083B0029001A8017043
:1036700002998A00034989580091007800990860EE
:1036800003B070478854030080B584B00390029162
:103690000120019000200090FFE7009802998842E5
:1036A0000DD2FFE70398FFF77DFD002803D1FFE768
:1036B0000020019003E00098401C0090EDE7019885
:1036C00004B080BD70B58AB024200290042103911B
:1036D000FCF7D2F902980021FCF7D4FB0298FEF720
:1036E000F1FD039968200490FCF7C6F90498FEF7F1
:1036F000E9FDFFE700204349FFF7C6FF012804D199
:10370000FFE70020FFF7A2FFF4E714490020019033
:10371000FFF770FD0198124B05A90A4630CB30C265
:1037200070CB70C2FFF70EFD1021032200921046ED
:10373000FEF702FA009A0F211046FEF7FDF90199F3
:10374000084A0846FFF710FE019A10461146FFF797
:1037500059FF0A2000F0D2FC0AB070BDC45003002B
:10376000444D030065390300B0B58CB02C200490A3
:103770000421FCF781F904980021FCF783FB0498ED
:10378000FEF7A0FD1E4902200590FFF733FD032040
:10379000052206921146FEF7CFF90598069A0121F7
:1037A000FEF7CAF9FFE702201649FFF76DFF01286F
:1037B00004D1FFE70220FFF749FFF4E7124A07A907
:1037C000084618CA18C038CA38C002200190FFF74E
:1037D000B9FC01980D4A00210291FFF7C5FD01983F
:1037E000029A1146FFF70EFF0C2000F0A7FC78208C
:1037F0000390FEF7B5FE0398FEF764FD0CB0B0BD74
:10380000DC500300581B0000584D03001138030022
:1038100080B582B00220FFF719FF01A90870019955
:10382000264803785A1C0270254AD154007804288F
:1038300004DBFFE7214900200870FFE7002000902B
:103840001F480078012818D1FFE71D48407801285B
:1038500013D1FFE71A48807801280ED1FFE71848F6
:10386000C078012809D1FFE7174800900020694679
:10387000FEF72EFB00F02AFD1DE01148007802281B
:1038800018D1FFE70E484078022813D1FFE70C4813
:10389000807802280ED1FFE70948C078022809D1B4
:1038A000FFE70848009000206946FEF711FB00F092
:1038B0000DFDFFE7FFE702B080BDC046D4C9FF1F82
:1038C000D0C9FF1F020202020101010180B584B0CC
:1038D0000390029100200190694608700190FFE773
:1038E00001980299884218D2FFE703980199405C39
:1038F00069460870FFE702200621FFF761FC0028F7
:1039000001D1FFE7F7E7684601780220FFF7ACFE38
:10391000FFE70198401C0190E2E704B080BD83B04E
:1039200080B5C3B0479346924591429045A84190D7
:10393000429A419B0120010201A800F027FD00905E
:103940000098000A002803D0FFE7FF200090FFE75F
:10395000009901A8FFF7BAFF43B080BC01BC03B0D7
:103960008646704780B582B001A90091002008709A
:10397000FFF76CFE0099087002B080BD80B584B07E
:103980000390029100200190694608700190FFE7C2
:1039900001980299884218D2FFE703980199405C88
:1039A00069460870FFE700200621FFF709FC0028A0
:1039B00001D1FFE7F7E7684601780020FFF754FEE2
:1039C000FFE70198401C0190E2E704B080BD0000D1
:1039D00009480078C007002807D0FFE70649002003
:1039E000087080490120087500E0FFE77E480078F4
:1039F000012108407047C04661C8FF1F81B00146E1
:103A0000684601700078602804D1FFE7D54960203E
:103A100008700AE068460078452804D1FFE7D149DC
:103A20004520087000E0FFE7FFE701B07047C0469F
:103A300081B0014668460170007804280FD1FFE785
:103A400094480078012804DCFFE7924904200870BC
:103A500004E090490878401E0870FFE73DE06846A2
:103A6000007805280FD1FFE78A480078032805DC95
:103A7000FFE788490878401C087003E08549012069
:103A80000870FFE728E068460078112804D1FFE7B6
:103A90008049012008701EE068460078122804D191
:103AA000FFE77C490220087014E06846007813287C
:103AB00004D1FFE77749032008700AE068460078E0
:103AC000142804D1FFE773490420087000E0FFE7E1
:103AD000FFE7FFE7FFE7FFE7FFE701B07047C046FA
:103AE00080B51248FCF780FC00281BD0FFE73D485A
:103AF0002E21405CC007002805D1FFE739492E225E
:103B000001208854FFE763480078032805DCFFE7BD
:103B100060490878401C087003E05E490120087085
:103B2000FFE700E0FFE700F061F880BD72C9FF1F0A
:103B300080B582B001A97B2008702948007803284D
:103B40000FD1FFE700200090FCF716FE00985421EB
:103B5000FDF77EF90098FCF71DFE21490220087050
:103B60003BE01F48007802280AD1FFE7002001A9A6
:103B7000FCF7B6FC1B4901200877194908702BE0B7
:103B800017480078012825D1FFE71648007FC007B5
:103B900000281DD1FFE79B49FF2008601049032042
:103BA000087010484079602809D0FFE70D48407937
:103BB000452804D0FFE76B496020087004E00948FD
:103BC000407968490870FFE707490120087000E064
:103BD000FFE700E0FFE7FFE7FFE702B080BDC04678
:103BE00063C8FF1F94C9FF1FD5C9FF1F294800786C
:103BF00001280DD1FFE78449FF220A74002088754F
:103C000008772223CA54282288542E22885437E069
:103C10002048007802280DD1FFE77B490020087476
:103C2000FF228A7508772223C8542823CA542E22DB
:103C3000885424E01748007803280DD1FFE7724923
:103C400000220A748A75FF2008772223CA54282389
:103C5000CA542E22885411E00E48007804280CD152
:103C6000FFE76949FF200874887508772222885485
:103C7000282288542E228854FFE7FFE7FFE7FFE75A
:103C80006149342040220A543A238020C8549020AD
:103C90008854704760C9FF1F10B586B005A97B2006
:103CA00008802F48007805280FD1FFE700200490F6
:103CB000FCF762FD04985421FDF7CAF80498FCF75C
:103CC00069FD27490420087047E02548007804284A
:103CD0001ED1FFE723480290007805A94870002014
:103CE000019001220392FCF746FC0199029B039884
:103CF0001B4C032222701C4AD1609160114608318E
:103D00001B785372907205200002FBF785F823E0C0
:103D100013480078032804D1FFE7114902200870F6
:103D200019E00F480078022804D1FFE70C49012070
:103D300008700FE00A480078012809D1FFE73149EF
:103D4000FF20086006490520087000F0C9FA00E06D
:103D5000FFE7FFE7FFE7FFE7FFE706B010BDC0465C
:103D600064C8FF1F62C8FF1F30CBFF1F80B582B041
:103D70002348007802280FD1FFE700200090FCF7CD
:103D8000FBFC00984021FDF763F80098FCF702FD6A
:103D90001B490120087031E01948007801281ED124
:103DA000FFE701A900200870FFE701A800780A28B2
:103DB00011D8FFE701A800780621414312484018B6
:103DC000811C021D0020FCF7B0FBFFE70198401C9E
:103DD00001A90870E9E70A49002008700DE00848C9
:103DE0000078002807D1FFE70649FF200860044952
:103DF0000220087000E0FFE7FFE7FFE702B080BDA8
:103E000065C8FF1F58C8FF1F6EC8FF1F80B582B06E
:103E10008C48019000F0D4F8019988680122904301
:103E2000886000F0F1F802B080BDC04680B582B075
:103E30008448019009480068002804D0FFE707483B
:103E400000688047FFE700F0BBF805480268019969
:103E500088681043886002B080BDC046B8CCFF1FA0
:103E60009854030080B582B07648019000F0A8F81D
:103E70000199886801221043886000F0C5F802B0FB
:103E800080BDC04680B586B005906E480490039012
:103E90000020029003988068019004988068400692
:103EA000C00F002803D1FFE701200290FFE702982E
:103EB000002859D1FFE701982D4908400190059845
:103EC000C0694007410B019808430190059880693B
:103ED0008007810D01980843019005980068C0078C
:103EE000810E01980843019005988068C007010F72
:103EF00001980843019005984068C007410F019858
:103F0000084301900598C068C007810F01980843D5
:103F1000019000F055F801980399886000F074F85A
:103F20000290029800281ED1FFE700F049F805989A
:103F300040690399C86000F067F802900298002871
:103F400010D1FFE70598006801280AD1FFE700F0CB
:103F500037F8059800690399086100F055F8029058
:103F6000FFE7FFE7FFE7FFE7029806B080BDC04626
:103F7000D1FCF8FF80B584B00390029131480190E4
:103F8000019880680090039881000A484158009881
:103F9000884300900298401CC007C10E0098084357
:103FA000009000F00DF800980199886000F02CF85E
:103FB00004B080BDA054030080B500F0E1F980BDDD
:103FC00083B0EFF3108001900198009000980028D2
:103FD00005D1FFE7EFF3108072B60290FFE707B458
:103FE00006480749074A0160026007BC009800289C
:103FF00002D1FFE762B6FFE703B070471420054027
:10400000C4A1D9B00F3B1E1A83B00E480290002005
:1040100001900090FFE702988068C001C00F01285E
:104020000CD0FFE70198000D002803D0FFE7012026
:10403000009003E00198401C0190ECE7009803B069
:104040007047C0460020054080B588B0002006902B
:10405000019002900390009004490591049004207F
:1040600007906846FFF70EFF08B080BD007701009B
:1040700080B582B000200190FEF772FA0198FEF739
:1040800021F9FFF7E1FF01990846FFF773FF1A20B6
:1040900000F014F8FFF7E6FE02B080BD81B000909A
:1040A0000098002808D4FFE700991F200140012054
:1040B00088402A490860FFE701B0704781B000904E
:1040C0000098002808D4FFE700991F200140012034
:1040D000884022490860FFE701B0704781B0009036
:1040E0000098002808D4FFE700991F200140012014
:1040F00088401A490860FFE701B0704781B000901E
:104100000098002808D4FFE700991F2001400120F3
:10411000884012490860FFE701B0704781B0009005
:104120000098002808D4FFE700991F2001400120D3
:1041300088400A490860FFE701B0704781B00090ED
:104140000098002808D4FFE700991F2001400120B3
:10415000884002490860FFE701B0704700E100E0D5
:1041600070B582B0019000910198002814D4FFE747
:1041700001980321CB4318404E4A805801998C077F
:10418000E50EFF24AC40A043009CA401E4B2AC4087
:1041900020431940885018E001980F242040083827
:1041A0000321CB431840424A805801998D07EE0EF7
:1041B000FF25B540A843009DAD01EDB2B5402843B1
:1041C0002140083919408850FFE702B070BDC04651
:1041D00070B582B0019000910198002814D4FFE7D7
:1041E00001980321CB431840324A805801998C072B
:1041F000E50EFF24AC40A043009CA401E4B2AC4017
:1042000020431940885018E001980F2420400838B6
:104210000321CB431840264A805801998D07EE0EA2
:10422000FF25B540A843009DAD01EDB2B540284340
:104230002140083919408850FFE702B070BDC046E0
:1042400070B582B0019000910198002814D4FFE766
:1042500001980321CB431840164A805801998C07D6
:10426000E50EFF24AC40A043009CA401E4B2AC40A6
:1042700020431940885018E001980F242040083846
:104280000321CB4318400A4A805801998D07EE0E4E
:10429000FF25B540A843009DAD01EDB2B5402843D0
:1042A0002140083919408850FFE702B070BDC04670
:1042B0001CED00E000E400E0BFF34F8F0D490E4815
:1042C0000860BFF34F8FFFE700BFFDE7BFF34F8FDD
:1042D000084909480860BFF34F8FFFE700BFFDE7BB
:1042E000BFF34F8F034904480860BFF34F8FFFE7C8
:1042F00000BFFDE70CED00E00400FA0580B586B0D4
:10430000FEF7B0FBFCF740F8FFF7B2FEFCF74EF902
:10431000002005900D21009101220292FDF70CFC76
:104320000099029A0598FCF7D1F900990598FCF7D5
:10433000EBF9029A05980C210191FDF7FDFB01991B
:10434000029A0598FCF7C2F901990598FCF7DCF987
:10435000029A0220039005210491FDF7EDFB039AD8
:1043600004991046FDF720FC03980499059AFCF780
:10437000ADF9FDF75FFCFEF725FA059806B080BDA4
:1043800003B40148019001BD01C0FF1F7CB51D466B
:1043900016460C0001D0611E00E000210191009042
:1043A000054B6A462946304600F0E8F8002C02D05A
:1043B000009A002111707CBDB54C03002021020C35
:1043C00001D010211046020A01D010460839020916
:1043D00001D01046091F820801D01046891E4208EC
:1043E00001D0881E7047081A704702E008C8121FE3
:1043F00008C1002AFAD170477047002001E001C1CE
:10440000121F002AFBD17047F0B51FB486B009987F
:10441000089A030D0021024314D05148514A18183C
:10442000504305141198012810981AD0281A401CDE
:1044300000264D4F4D49009601910490002812DA54
:10444000444211E01198012449A3012801D1109898
:10445000C1430698119A84600360C26041600BB04A
:10446000F0BD4042E4E70446210500203F4A001C1D
:1044700051410391029012E0E00707D032463B46DB
:1044800001990098F7F76AFC0191009032463B468B
:1044900010461946F7F762FC06460F466410002CDA
:1044A000EAD10498039B0028029A0999089806DA31
:1044B000F7F754FC019B009AF7F750FC05E0F7F77B
:1044C000B5FC019B009AF7F7B1FC04460E460022AA
:1044D000284BF7F759FF03D80020C043014607E0F7
:1044E0000022254B20463146F7F786FBF7F72CFFD5
:1044F000102409E0002C0ADB0A220023F7F720FE33
:10450000079B30321A55641E02460A43F2D111222B
:10451000641C079B121B1C19119B012B03D0012348
:1045200008430ED10AE0084304D011201090002067
:10453000119077E71098151A6D1E0BE010988242C3
:1045400002DD00236D1C03E0824201DA00236D1EB0
:10455000002BEED0069811998260C16030C07EE7D2
:1045600001FCFFFF104D0000000014400000F03F70
:10457000300000000000F0430000E03FFFB597B0BE
:104580000646002518E2252877D100242746FD4954
:10459000049400E00443761C32780120203A9040D5
:1045A0000842F7D130782A280ED00222307801460E
:1045B0003039092916D804990A235943303940184B
:1045C0001443761C0490F1E7189802C804911890DF
:1045D000002904DA012040030443484204900220E9
:1045E0000443761C30782E2814D1042004437078BC
:1045F000761C2A2809D11898761C80C8189009E0E2
:104600000A214F43303FC719761C307801463039B4
:104610000929F5D930786C2810D006DC4C281AD03E
:1046200068280ED06A2817D104E0742813D07A289D
:1046300012D110E00120400504430CE001210905DE
:1046400001E0032109050C437178814203D1012067
:1046500000052418761C761C3078119066280BD043
:1046600013DC58287DD009DC00287BD04528F6D003
:104670004628F4D047281AD1A5E118E0632835D0A0
:10468000642870D0652812D19DE170286CD008DCB8
:104690006728F1D069287BD06E280DD06F2806D10D
:1046A000BAE073282ED0752871D0782859D01A9A7C
:1046B000199990476D1C7EE16002400F022809D0D5
:1046C00003280DD00428189801680DD00D60001D36
:1046D000189070E11898EA1701680D604A60F6E7D3
:1046E000189801680D80F2E70D70F0E718986A4697
:1046F00001781172001D18900020507202A80090DD
:10470000012005E0189802C8189000200091C043CD
:1047100061070DD5002101E00199491C0191B942C1
:1047200012DA8142F8DB009A515C0029F4D10BE0E7
:10473000002101E00199491C01918142FADB019AB3
:104740000099895C0029F5D1019904981A9B471AB0
:1047500021463846199A00F097FA019940194518F0
:104760000BE04FE02CE113E04EE000980099007858
:10477000491C00911A9A199990470198401E01907E
:10478000401CF2D1214638461A9B199A10E137E0B5
:104790000A200021009001916002410F022907D0F8
:1047A000189A01CA1892C2179446032908D00AE041
:1047B0001898C01DC108C90005C91891944607E0A2
:1047C00000B2C2179446042902D140B2C1178C46E8
:1047D00000226146944506DA0A4600214042914192
:1047E0008C462D2102E0210504D52B216A46117348
:1047F000012103E0E10701D02021F7E7029155E014
:104800000A200AE0102008E0102000900021042077
:1048100004430191082703E0082000210191009042
:104820006002410F022907D0189A01CA189200228B
:104830009446032908D008E01898C01DC108C90093
:1048400005C91891944603E080B2042900D1C0B292
:1048500000210291210729D51199702906D0009ACB
:104860001021019B4A401A4305D00EE040216A46C0
:104870001173012108E06146014306D030216A46E8
:1048800011731199517302210291009A0821019B21
:104890004A401A430AD16146014301D1610705D557
:1048A00030216A46117301217F1E02911199582906
:1048B00004D035A10E910DA90D910DE037A1F9E7B6
:1048C0006146019B009AF7F73BFC0E9B8C469B5C74
:1048D0000D9A521E0D92137061460143F0D10D984E
:1048E00005A9081A20300190600703D501200004B3
:1048F000844300E001270198874201DD381A00E077
:104900000020019900904118029809180498401A53
:104910000490E00306D421461A9B199A049800F0EB
:10492000B3F94519002706E003A81A9AC05D199942
:1049300090476D1C7F1C02988742F5DBE0030CD585
:1049400021461A9B199A049800F09EF9451904E033
:104950001A9A3020199990476D1C0099481E0090B2
:104960000029F5DC08E00D980D990078491C0D919F
:104970001A9A199990476D1C0199481E01900029B7
:10498000F1DC63E109280100303132333435363748
:10499000383961626364656600000000303132338B
:1049A000343536373839414243444546000000002B
:1049B00000F05AF94519761C3078002800D0E2E55D
:1049C00028461BB0F0BD600700D406271898C01D0C
:1049D000C108C90048680A680831C30FDB0718918D
:1049E000190001D09CA108E0210501D59BA104E09C
:1049F000E10701D09AA100E09AA1430011985B0859
:104A0000109165280CD006DC452809D046281DD019
:104A1000472841D141E0662818D067283CD13CE0C6
:104A20000021112F01DB112000E0781C0191009082
:104A300008A911A8FFF7E8FC139905910021119A24
:104A400015927F1C12980197009150E00120C00739
:104A500003900120019008A9009711A8FFF7D4FC4A
:104A6000139A149905920022119B009212981593A3
:104A7000059A0192002901D0104602E0791C4018E5
:104A80000190381A01D5019804E04042401E009080
:104A9000781C0190C01B029043E0012F00DA01272F
:104AA0000021112F01DD112000E038460191009016
:104AB00008A911A8FFF7A8FC13990591119A0021E4
:104AC000129815920091019721070CD40599B942CB
:104AD00001DB019900E00191012904DD159A491ECD
:104AE000515C302906D0B84201DA011D05DA0121F6
:104AF000029115E00199491EEDE7002805DC0099B7
:104B0000411800910199091A03E0019A411C914250
:104B100000DD01910099401A401C02900120C0075D
:104B20000390200706D402990198814202DB0020FD
:104B3000C043029000206946C87707AF012103985F
:104B40000337C907884224D0022011902B201290ED
:104B5000039800280CDA404203902D20129007E0C1
:104B60000A210398F7F7A4FA30317F1E03903970B9
:104B70001199481E11900029F2DC03980028EFD10A
:104B8000791E129808703078202108404530BF1EE9
:104B9000387006A8C01BC01D03901098007800282C
:104BA00000D00120019941180298C01709180398F4
:104BB00009180498401A401E0490E00306D42146C8
:104BC0001A9B199A049800F05FF84519109800781C
:104BD000002803D01A9A199990476D1CE00324D538
:104BE00021461A9B199A049800F04EF845191CE0CA
:104BF0000098002807DB00990598884203DD159886
:104C0000405C199901E0199930201A9A9047009850
:104C10006D1C401C00900298401E0290002804D198
:104C20001A9A2E20199990476D1C0199481E0190DF
:104C30000029DDDC05E038781A9A7F1C1999904725
:104C40006D1C0399481E03900029F4DC21461A9B31
:104C5000199A0498ACE600002D0000002B0000001B
:104C60002000000000000000F8B5044600251E46A4
:104C70001746880404D405E039462020B0476D1C4F
:104C8000641EF9D52846F8BDFFB50446002581B05D
:104C90001E46C80301D5302700E02027880404D52C
:104CA00005E038460399B0476D1C641EF9D52846C7
:104CB00005B0F0BD4A68002A06D00A68531C0B6094
:104CC00010704868401E48607047000033335340FE
:104CD00000004040295C0F403333D33FCDCC8C3FA4
:104CE00074322E7478743D22322E302E3022FFFF23
:104CF000FF74372E7478743D2220323522FFFFFF77
:104D00000100000002000000040000000800000094
:104D100010000000200000004000000080000000A3
:104D2000000100000002000010000000FF0300006E
:104D300074392E7478743D2230303030303022FF98
:104D4000FFFF000001000000010000000100000062
:104D5000030000000000000001000000010000004E
:104D60000100000003000000000000003900873946
:104D70000526390666006800010012006800500030
:104D800000006800CE0147006800030D8B0068003A
:104D9000CF0109006800D20104006800D4010200BC
:104DA00068000C02030068000D02A80068000E02F3
:104DB000480068001B020500680003020000400074
:104DC000530000004000C801E3004000CA01000099
:104DD0004000CB0100004000CC0100004000CD01AC
:104DE00000004000CE012C004000CF010000400038
:104DF000D0010D004000D1012B004000D201800005
:104E00004000D30100004000D40100004000D50163
:104E100000004000D60100004000D7012000400003
:104E2000D80105004000D90160004000DA0102000D
:104E30004000DB016D004000DC0104004000DD01AA
:104E400051004000DE01E0004000DF0105004000AD
:104E5000E00100004000E10100004000E2018000AC
:104E60004000E30101004000E4019C004000E50136
:104E700001004000E60104004000E701FF0040009F
:104E8000E80100004000E90100004000EA01FF00E5
:104E90004000EB0100004000EC0100004000C901AF
:104EA000190040000100D800400018020400400032
:104EB0001902A80040001A024800400053000000F8
:104EC0004000C801E3004000CA0100004000CB01DF
:104ED00000004000CC0100004000CD010000400077
:104EE000CE012C004000CF0100004000D00109009D
:104EF0004000D101D7004000D20100004000D301A2
:104F000000004000D40100004000D5010000400036
:104F1000D60100004000D70120004000D801050064
:104F20004000D90160004000DA0101004000DB01CF
:104F3000D2004000DC0100004000DD01FD00400027
:104F4000DE0160004000DF0105004000E0010000DC
:104F50004000E10100004000E20180004000E30168
:104F600001004000E4019C004000E5010100400018
:104F7000E60104004000E701FF004000E8010000F6
:104F80004000E90100004000EA01FF004000EB01A1
:104F900000004000EC0100004000C9011900400081
:104FA0000100D80040001802040040001902A800C7
:104FB00040001A0248000000040000002000000029
:104FC000400000000002000000040000008000001B
:104FD00064860000D72C03000000000000000000E1
:104FE000000000000100000000000000D52C0300BC
:104FF0000000000000FA00000000000001000000B6
:1050000000FA0000F11603000000000000E20400B6
:10501000000000000500000000E20400D12C0300A5
:105020000000000000FA0000DB2C0300010000007B
:1050300000F40100DD2C03000200000000EE02007D
:10504000DF2C03000300000000E80300E12C030054
:105050000400000000E20400E32C0300050000004F
:1050600000E20400E52C03000600000000D6060064
:10507000E72C03000700000000D00700E92C030024
:105080000800000000CA0800D32C0300090000003B
:1050900000C40900000000000A00000000C409006C
:1050A000D92C0300000000000010270000000000C1
:1050B0002800000000102700000000000000000091
:1050C0000000000080250000030000000000000038
:1050D0000000000000000000005A620200C201004F
:1050E00003000000000000000000000000000000BD
:1050F000005A6202040000000200000000000200EA
:105100000000010000000800000010000100000085
:1051100020000000400000008000000000000800A7
:105120000000040000000100000001000000020077
:1051300000000000008000000040000000080000A7
:105140000004000000000040000000800000000497
:105150002000000040000000800000000000080067
:105160000000040000000100000001000000020037
:105170000040024000A002400040024000A0024067
:1051800000F00F4040F00F4080F00F40C0F00F40A3
:1051900000F10F40010000000200000004000000C8
:1051A0000800000010000000200000000000400087
:1051B0000000800000000001000000020000000468
:1051C0000000000800000040000000803F00C0CF49
:1051D0000060064000700640006006400070064017
:1051E000000000000000000000500640045006408F
:1051F000085006400C50064010500640145006401F
:10520000185006401C5006402050064024500640CE
:10521000285006402C50064030500640345006407E
:10522000385006403C50064040500640445006402E
:10523000485006404C5006405050064054500640DE
:10524000585006405C50064060500640645006408E
:10525000685006406C500640705006400090044074
:1052600000A0044000B0044000C0044000D004404E
:105270000090044000A0044000B0044000C004407E
:1052800000D00440C9FFFFFFA80FEB43CEFFFFFF94
:10529000284FAE43D3FFFFFF93218243D8FFFFFF88
:1052A000E9A64343DDFFFFFFC72B1443E2FFFFFFE7
:1052B000B7B1E242E7FFFFFF1B1EAF42ECFFFFFF6B
:1052C00031798842F1FFFFFF31995642F6FFFFFF27
:1052D00059062A42FBFFFFFF9D9107420000000094
:1052E000B1BFD94105000000362BB0410A000000D3
:1052F0006D678F410F000000A8C66A4114000000CE
:10530000BA49414119000000000020411E00000080
:1053100031080541230000003255DE40280000001E
:10532000DAACBA402D0000003F579D40320000002B
:105330001826854037000000713D62403C000000A7
:105340004BEA404041000000AA8225404600000090
:105350005C8F0E404B0000000456F63F50000000EA
:105360006891D53F550000006ADEB93F5A00000041
:10537000D34DA23F5F0000001D5A8C3F6400000027
:10538000F54A793F69000000933A613F6E000000E2
:10539000ED0D4E3F730000000C023B3F7800000013
:1053A000C7BA283F7D0000008104153F820000003D
:1053B00058CAF23E87000000B6F3DD3E8C000000C4
:1053C000C286C73E91000000F5B9BA3E96000000C3
:1053D000C9769E3E506F7765726F66662052657320
:1053E00065740D0A00506F7765726F6E2052657399
:1053F00065740D0A00000000008003400090034027
:1054000000A00340008003400090034000A0034040
:105410000100000082000000040000000000000005
:105420000100000000010000000200000004000074
:105430008F070000010000000200000004000000CF
:1054400008000000100000002000000040000000E4
:10545000800000009E00000000010000000200002B
:105460000004000000080000001000000020000000
:10547000004000000080000000A0064000B0064090
:1054800000C0064000D0064000A0064000B0064024
:1054900000C0064000D006400000000400000004E8
:1054A0001000000010000000D854030000C0FF1FCF
:1054B00048000000EA4303002055030000C8FF1F16
:1054C00064010000E0C30200B055030064C9FF1F7F
:1054D00058030000FA43030083B0EFF310800190FB
:1054E000019800900098002805D1FFE7EFF31080A5
:1054F00072B60290FFE707B406480749074A016001
:10550000026007BC0098002802D1FFE762B6FFE7FF
:1055100003B0704714200540D6B1C4A07B0C0D1E0B
:1055200012011A03013405020A3210F20132043268
:10553000035A020C091A20291C29041A28063AFFCA
:105540000C1E02030201605E1B010201150604012C
:105550004014E5010112401CE60104061AE72D1271
:10556000403AE8063AE9061CEA01FF063AEB063A39
:10557000EC061CED0180063AEE06BCEF017080A33C
:1055800030079A310C9A320C9A330C9A340C9A35B3
:105590000C9A360C5A370C69689A400C69089A774D
:1055A0000C0213082366263CFFFFFF042928000095
:040000050002B8DD60
:00000001FF
